id,type,title,text,tags
K001,knowledge,What is a stock?,A stock is ownership in a company. Returns come from price moves and dividends. Prices can rise or fall.,"basics,stocks"
K002,knowledge,What is an ETF?,An ETF is a fund that holds many assets and trades like a stock. Often tracks an index and has low fees.,"basics,etf"
K003,knowledge,Diversification,Spread investments across many holdings to reduce the impact of any one position. It cannot remove all risk.,"risk,diversification"
K004,knowledge,Risk types,"Market, company, liquidity, interest-rate, and inflation risk. Understand them before investing.","risk,basics"
K005,knowledge,Asset allocation,"Mix of stocks, bonds, and cash that matches goals, time horizon, and risk tolerance.","portfolio,allocation"
K006,knowledge,Dollar-cost averaging,Invest a fixed amount on a schedule regardless of price to reduce timing risk.,"contributions,dca"
K007,knowledge,Price vs total return,Price return ignores dividends. Total return includes dividends with reinvestment.,"returns,performance"
K008,knowledge,Real vs nominal return,Nominal is raw percent change. Real adjusts for inflation and purchasing power.,"inflation,returns"
K009,knowledge,Small vs large cap,Small-caps can grow faster and swing more. Large-caps are often more stable.,"marketcap,style"
K010,knowledge,Growth vs value,Growth focuses on fast-growing firms. Value looks for lower prices vs fundamentals.,"factors,style"
K011,knowledge,International diversification,Owning foreign markets reduces home bias but adds currency and policy risks.,"international,currency"
K012,knowledge,What is a bond?,A loan to a company or government that pays interest and returns principal at maturity.,"bonds,basics"
K013,knowledge,Expense ratio,The annual fee charged by a fund. Lower fees can improve long-term outcomes.,"fees,funds"
K014,knowledge,Dividend yield,Yearly dividend per share divided by price. Dividends can change and are not guaranteed.,"dividends,basics"
K015,knowledge,Tracking error,The difference between a fund’s return and its benchmark due to fees and implementation.,"funds,benchmark"
K016,knowledge,Reading a fund page,"Check objective, index, fees, holdings, sector weights, distributions, and risk notes.","research,funds"
K017,knowledge,IPO,An Initial Public Offering lists shares on an exchange. Early trading may be volatile.,"ipo,basics"
K018,knowledge,Options (concept),Calls and puts grant rights to buy or sell. Complex and risky. Not for beginners or minors.,"options,safety"
K019,knowledge,Short selling (concept),Selling borrowed shares to profit if price falls. Advanced; losses can be unlimited.,"shorting,safety"
K020,knowledge,Leveraged/inverse ETFs,Amplify or reverse daily index moves. Short-term tools with higher risk and fees.,"etf,leverage"
K021,knowledge,Duration,"For bond funds, duration estimates sensitivity to interest-rate changes.","bonds,duration"
K022,knowledge,REIT,Real estate investment trust that owns or finances properties and often pays distributions.,"reit,realestate"
K023,knowledge,Sharpe ratio,Return above the risk-free rate divided by volatility. Higher was better historically.,"metrics,sharpe"
K024,knowledge,Max drawdown,Worst peak-to-trough drop. Shows potential pain during declines.,"risk,drawdown"
K025,knowledge,Stop-loss,Order that sells if price hits a level. May trigger on noise; use with care.,"orders,risk"
K026,knowledge,Rebalancing,Reset to target mix on a schedule or when bands are breached to keep risk level steady.,"rebalancing,policy"
K027,knowledge,Scam red flags,"Guaranteed returns, pressure to act fast, secrecy, and odd payment methods.","safety,scams"
K028,knowledge,Paper trading,Practice without real money to learn mechanics and test strategies.,"learning,practice"
K029,knowledge,Taxes vary by country,Returns may be taxed as income or capital gains. Check local rules.,"taxes,basics"
K030,knowledge,Teen safety,Learn with simulations. Discuss real accounts with a parent or guardian. Protect personal info.,"safety,teen"
K031,knowledge,What is volatility?,How much a price moves. Higher volatility means bigger swings and uncertain outcomes.,"risk,volatility"
K032,knowledge,What is liquidity?,Ability to trade quickly near last price. Narrow bid-ask spreads help reduce cost.,"liquidity,execution"
K033,knowledge,What is bid-ask spread?,Difference between buy and sell quotes. Narrow spreads usually lower trading cost.,"liquidity,execution"
K034,knowledge,What is market cap?,Share price times shares outstanding. Used to group companies by size.,"marketcap,basics"
K035,knowledge,What is free cash flow?,Cash from operations minus capital expenditure. Funds dividends and debt reduction.,"fundamentals,cashflow"
K036,knowledge,What is P/E ratio?,"Price divided by earnings per share. Lower can imply cheaper, context matters.","valuation,ratios"
K037,knowledge,What is EV/EBITDA?,Enterprise value relative to operating earnings. Compares across capital structures.,"valuation,ratios"
K038,knowledge,What is beta?,Sensitivity to market moves. Beta above 1 tends to move more than the market.,"risk,beta"
K039,knowledge,What is alpha?,Return beyond what market exposure explains. Hard to achieve consistently.,"risk,alpha"
K040,knowledge,DCA vs lump sum,DCA spaces buys to cut timing risk; lump sum invests all at once. Both have trade-offs.,"contributions,planning"
K041,knowledge,Order types,"Market, limit, and stop orders control execution and price. Limits may not fill.","trading,orders"
K042,knowledge,Settlement (T+1/T+2),Trades settle after trade date. Funds may not be usable until settlement.,"trading,operations"
K043,knowledge,After-hours liquidity,Lower volume and wider spreads. Use limit orders to control price.,"trading,liquidity"
K044,knowledge,Company-specific risk,News or execution issues can move a single stock a lot. Diversify to reduce impact.,"risk,stocks"
K045,knowledge,Sector concentration,Owning only one industry increases risk if that sector falls.,"risk,diversification"
K046,knowledge,Index tracking,Broad index funds provide market exposure with low cost and turnover.,"funds,index"
K047,knowledge,Recession concept,"Broad economic slowdown. Markets can drop before, during, or after.","macro,cycles"
K048,knowledge,Inflation concept,General price increases over time. Erodes purchasing power.,"macro,inflation"
K049,knowledge,Interest rates concept,Rates reflect cost of money. Rising rates can pressure bond prices.,"macro,rates"
K050,knowledge,FX risk,Currency changes can amplify or reduce returns on foreign assets.,"international,fx"
K051,knowledge,Hedging basics,Hedged funds reduce currency swings but may add cost.,"international,fx,hedging"
K058,knowledge,Price vs total return (quick),Price return ignores dividends. Total return includes dividends with reinvestment.,"returns,performance"
K065,knowledge,Dividend yield (quick),Yearly dividend per share divided by price. Dividends can change and are not guaranteed.,"dividends,basics"
K072,knowledge,Duration (quick),"For bond funds, duration estimates sensitivity to interest-rate changes.","bonds,duration"
K079,knowledge,Paper trading (quick),Practice without real money to learn mechanics and test strategies.,"learning,practice"
K086,knowledge,What is free cash flow? (quick),Cash from operations minus capital expenditure. Funds dividends and debt reduction.,"fundamentals,cashflow"
K093,knowledge,Settlement (T+1/T+2) (quick),Trades settle after trade date. Funds may not be usable until settlement.,"trading,operations"
K100,knowledge,Interest rates concept (quick),Rates reflect cost of money. Rising rates can pressure bond prices.,"macro,rates"
K060,faq,What is an ETF??,An ETF is a fund that holds many assets and trades like a stock. Often tracks an index and has low fees.,"basics,etf"
K065,faq,Price vs total return?,Price return ignores dividends. Total return includes dividends with reinvestment.,"returns,performance"
K070,faq,What is a bond??,A loan to a company or government that pays interest and returns principal at maturity.,"bonds,basics"
K075,faq,IPO?,An Initial Public Offering lists shares on an exchange. Early trading may be volatile.,"ipo,basics"
K080,faq,REIT?,Real estate investment trust that owns or finances properties and often pays distributions.,"reit,realestate"
K085,faq,Scam red flags?,"Guaranteed returns, pressure to act fast, secrecy, and odd payment methods.","safety,scams"
K090,faq,What is liquidity??,Ability to trade quickly near last price. Narrow bid-ask spreads help reduce cost.,"liquidity,execution"
K095,faq,What is EV/EBITDA??,Enterprise value relative to operating earnings. Compares across capital structures.,"valuation,ratios"
K100,faq,Settlement (T+1/T+2)?,Trades settle after trade date. Funds may not be usable until settlement.,"trading,operations"
K105,faq,Recession concept?,"Broad economic slowdown. Markets can drop before, during, or after.","macro,cycles"
K110,faq,What is a stock??,A stock is ownership in a company. Returns come from price moves and dividends. Prices can rise or fall.,"basics,stocks"
K115,faq,Dollar-cost averaging?,Invest a fixed amount on a schedule regardless of price to reduce timing risk.,"contributions,dca"
C0001,company,Quantum Pharma (JLV),Quantum Pharma (JLV) is a simulated Financials company in Asia-Pacific. Market cap tier: Small Cap. Rev growth (ttm): 0.185. Operating margin: 0.216. Debt/Equity: 2.05. Risk note: Cyclical demand affects earnings variability. This entity is fictional for learning.,"financials,asia-pacific,smallcap"
C0002,company,Paragon Energy (SEJZQ),Paragon Energy (SEJZQ) is a simulated Utilities company in Europe. Market cap tier: Mid Cap. Rev growth (ttm): 0.271. Operating margin: 0.249. Debt/Equity: 0.69. Risk note: Early-stage with limited revenue history. This entity is fictional for learning.,"utilities,europe,midcap"
C0003,company,Zenith Software (BXOS),Zenith Software (BXOS) is a simulated Consumer Discretionary company in Latin America. Market cap tier: Small Cap. Rev growth (ttm): 0.307. Operating margin: 0.106. Debt/Equity: 0.79. Risk note: High leverage; sensitive to interest rates. This entity is fictional for learning.,"consumer discretionary,latin america,smallcap"
C0004,company,Frontier Automotive (TLPJ),Frontier Automotive (TLPJ) is a simulated Financials company in Middle East & Africa. Market cap tier: Small Cap. Rev growth (ttm): 0.228. Operating margin: 0.287. Debt/Equity: 0.46. Risk note: Regulatory approvals pending for key products. This entity is fictional for learning.,"financials,middle east & africa,smallcap"
C0005,company,Mirage Realty (KPM),Mirage Realty (KPM) is a simulated Consumer Staples company in Middle East & Africa. Market cap tier: Large Cap. Rev growth (ttm): -0.144. Operating margin: 0.224. Debt/Equity: 2.05. Risk note: Capital intensive projects with long payback periods. This entity is fictional for learning.,"consumer staples,middle east & africa,largecap"
C0006,company,Pioneer Retail (HEA),Pioneer Retail (HEA) is a simulated Consumer Staples company in Middle East & Africa. Market cap tier: Large Cap. Rev growth (ttm): 0.104. Operating margin: -0.052. Debt/Equity: 1.88. Risk note: Capital intensive projects with long payback periods. This entity is fictional for learning.,"consumer staples,middle east & africa,largecap"
C0007,company,Paragon Foods (JEY),Paragon Foods (JEY) is a simulated Utilities company in North America. Market cap tier: Mid Cap. Rev growth (ttm): 0.094. Operating margin: -0.050. Debt/Equity: 1.09. Risk note: Commodity price exposure drives margins. This entity is fictional for learning.,"utilities,north america,midcap"
C0008,company,Summit Industries (WYC),Summit Industries (WYC) is a simulated Materials company in North America. Market cap tier: Mega Cap. Rev growth (ttm): 0.116. Operating margin: -0.043. Debt/Equity: 1.98. Risk note: Capital intensive projects with long payback periods. This entity is fictional for learning.,"materials,north america,megacap"
C0009,company,Nimbus Aerospace (WLFOS),Nimbus Aerospace (WLFOS) is a simulated Consumer Discretionary company in Asia-Pacific. Market cap tier: Small Cap. Rev growth (ttm): 0.186. Operating margin: 0.068. Debt/Equity: 2.70. Risk note: Competitive market with rapid innovation cycles. This entity is fictional for learning.,"consumer discretionary,asia-pacific,smallcap"
C0010,company,Vertex Pharma (BAO),Vertex Pharma (BAO) is a simulated Real Estate company in Europe. Market cap tier: Micro Cap. Rev growth (ttm): 0.204. Operating margin: -0.074. Debt/Equity: 0.20. Risk note: Early-stage with limited revenue history. This entity is fictional for learning.,"real estate,europe,microcap"
C0011,company,Zenith Systems (GRFDY),Zenith Systems (GRFDY) is a simulated Real Estate company in Middle East & Africa. Market cap tier: Small Cap. Rev growth (ttm): 0.242. Operating margin: 0.263. Debt/Equity: 0.57. Risk note: Cyclical demand affects earnings variability. This entity is fictional for learning.,"real estate,middle east & africa,smallcap"
C0012,company,Mirage Hardware (KWBQ),Mirage Hardware (KWBQ) is a simulated Telecommunication Services company in North America. Market cap tier: Micro Cap. Rev growth (ttm): 0.214. Operating margin: 0.260. Debt/Equity: 0.33. Risk note: High leverage; sensitive to interest rates. This entity is fictional for learning.,"telecommunication services,north america,microcap"
C0013,company,Orion Automotive (DEMW),Orion Automotive (DEMW) is a simulated Healthcare company in Latin America. Market cap tier: Large Cap. Rev growth (ttm): 0.278. Operating margin: -0.056. Debt/Equity: 1.96. Risk note: Capital intensive projects with long payback periods. This entity is fictional for learning.,"healthcare,latin america,largecap"
C0014,company,Apex Systems (EMF),Apex Systems (EMF) is a simulated Industrials company in North America. Market cap tier: Micro Cap. Rev growth (ttm): -0.149. Operating margin: 0.076. Debt/Equity: 2.78. Risk note: Competitive market with rapid innovation cycles. This entity is fictional for learning.,"industrials,north america,microcap"
C0015,company,Unity Biotech (YZOSE),Unity Biotech (YZOSE) is a simulated Consumer Staples company in Europe. Market cap tier: Mega Cap. Rev growth (ttm): 0.140. Operating margin: 0.144. Debt/Equity: 2.24. Risk note: Early-stage with limited revenue history. This entity is fictional for learning.,"consumer staples,europe,megacap"
C0016,company,Nova Metals (NWEY),Nova Metals (NWEY) is a simulated Healthcare company in Europe. Market cap tier: Micro Cap. Rev growth (ttm): -0.116. Operating margin: 0.288. Debt/Equity: 1.21. Risk note: Stable cash flows from long-term contracts. This entity is fictional for learning.,"healthcare,europe,microcap"
C0017,company,Summit Metals (BCROI),Summit Metals (BCROI) is a simulated Consumer Staples company in Europe. Market cap tier: Mid Cap. Rev growth (ttm): 0.007. Operating margin: 0.020. Debt/Equity: 0.39. Risk note: Commodity price exposure drives margins. This entity is fictional for learning.,"consumer staples,europe,midcap"
C0018,company,Citrine Retail (AQO),Citrine Retail (AQO) is a simulated Healthcare company in North America. Market cap tier: Mid Cap. Rev growth (ttm): 0.103. Operating margin: -0.040. Debt/Equity: 1.05. Risk note: Cyclical demand affects earnings variability. This entity is fictional for learning.,"healthcare,north america,midcap"
C0019,company,Summit Hardware (EVSP),Summit Hardware (EVSP) is a simulated Telecommunication Services company in Middle East & Africa. Market cap tier: Micro Cap. Rev growth (ttm): 0.259. Operating margin: 0.035. Debt/Equity: 1.99. Risk note: Regulatory approvals pending for key products. This entity is fictional for learning.,"telecommunication services,middle east & africa,microcap"
C0020,company,Pioneer Holdings (TEH),Pioneer Holdings (TEH) is a simulated Consumer Discretionary company in Asia-Pacific. Market cap tier: Micro Cap. Rev growth (ttm): 0.167. Operating margin: 0.019. Debt/Equity: 1.47. Risk note: Early-stage with limited revenue history. This entity is fictional for learning.,"consumer discretionary,asia-pacific,microcap"
C0021,company,Quantum Biotech (BIDZ),Quantum Biotech (BIDZ) is a simulated Financials company in Latin America. Market cap tier: Mid Cap. Rev growth (ttm): 0.064. Operating margin: -0.096. Debt/Equity: 0.23. Risk note: Regulatory approvals pending for key products. This entity is fictional for learning.,"financials,latin america,midcap"
C0022,company,Frontier Industries (PDDI),Frontier Industries (PDDI) is a simulated Technology company in Asia-Pacific. Market cap tier: Micro Cap. Rev growth (ttm): -0.025. Operating margin: -0.054. Debt/Equity: 2.34. Risk note: Foreign exchange fluctuations material. This entity is fictional for learning.,"technology,asia-pacific,microcap"
C0023,company,Paragon Networks (WZV),Paragon Networks (WZV) is a simulated Industrials company in North America. Market cap tier: Micro Cap. Rev growth (ttm): 0.312. Operating margin: 0.252. Debt/Equity: 1.24. Risk note: High leverage; sensitive to interest rates. This entity is fictional for learning.,"industrials,north america,microcap"
C0024,company,Pioneer Energy (CWWFV),Pioneer Energy (CWWFV) is a simulated Materials company in Asia-Pacific. Market cap tier: Small Cap. Rev growth (ttm): 0.248. Operating margin: 0.002. Debt/Equity: 0.07. Risk note: High leverage; sensitive to interest rates. This entity is fictional for learning.,"materials,asia-pacific,smallcap"
C0025,company,Velocity Retail (WZHQ),Velocity Retail (WZHQ) is a simulated Industrials company in Middle East & Africa. Market cap tier: Small Cap. Rev growth (ttm): -0.136. Operating margin: 0.295. Debt/Equity: 0.78. Risk note: Stable cash flows from long-term contracts. This entity is fictional for learning.,"industrials,middle east & africa,smallcap"
C0026,company,Pioneer Industries (PIU),Pioneer Industries (PIU) is a simulated Industrials company in Middle East & Africa. Market cap tier: Mega Cap. Rev growth (ttm): -0.092. Operating margin: 0.305. Debt/Equity: 0.57. Risk note: Early-stage with limited revenue history. This entity is fictional for learning.,"industrials,middle east & africa,megacap"
C0027,company,Mirage Labs (YNSTR),Mirage Labs (YNSTR) is a simulated Energy company in Latin America. Market cap tier: Micro Cap. Rev growth (ttm): 0.182. Operating margin: 0.049. Debt/Equity: 0.94. Risk note: Cyclical demand affects earnings variability. This entity is fictional for learning.,"energy,latin america,microcap"
C0028,company,Unity Media (RISO),Unity Media (RISO) is a simulated Consumer Discretionary company in Latin America. Market cap tier: Mid Cap. Rev growth (ttm): 0.040. Operating margin: 0.237. Debt/Equity: 0.52. Risk note: Stable cash flows from long-term contracts. This entity is fictional for learning.,"consumer discretionary,latin america,midcap"
C0029,company,Unity Software (VHFUP),Unity Software (VHFUP) is a simulated Energy company in Latin America. Market cap tier: Small Cap. Rev growth (ttm): 0.188. Operating margin: 0.130. Debt/Equity: 2.38. Risk note: Regulatory approvals pending for key products. This entity is fictional for learning.,"energy,latin america,smallcap"
C0030,company,Quantum Logistics (RQCYG),Quantum Logistics (RQCYG) is a simulated Consumer Staples company in Europe. Market cap tier: Large Cap. Rev growth (ttm): -0.076. Operating margin: -0.079. Debt/Equity: 2.95. Risk note: Stable cash flows from long-term contracts. This entity is fictional for learning.,"consumer staples,europe,largecap"
C0031,company,Quantum Semiconductor (XOSJ),Quantum Semiconductor (XOSJ) is a simulated Industrials company in Europe. Market cap tier: Micro Cap. Rev growth (ttm): 0.194. Operating margin: 0.302. Debt/Equity: 2.58. Risk note: Cyclical demand affects earnings variability. This entity is fictional for learning.,"industrials,europe,microcap"
C0032,company,Mirage Pharma (USM),Mirage Pharma (USM) is a simulated Utilities company in Europe. Market cap tier: Large Cap. Rev growth (ttm): -0.089. Operating margin: -0.040. Debt/Equity: 1.39. Risk note: Capital intensive projects with long payback periods. This entity is fictional for learning.,"utilities,europe,largecap"
C0033,company,Frontier Realty (YXPS),Frontier Realty (YXPS) is a simulated Utilities company in Latin America. Market cap tier: Large Cap. Rev growth (ttm): 0.124. Operating margin: 0.304. Debt/Equity: 2.23. Risk note: Competitive market with rapid innovation cycles. This entity is fictional for learning.,"utilities,latin america,largecap"
C0034,company,Citrine Aerospace (VHU),Citrine Aerospace (VHU) is a simulated Materials company in Europe. Market cap tier: Small Cap. Rev growth (ttm): -0.111. Operating margin: 0.029. Debt/Equity: 0.82. Risk note: Customer concentration risk present. This entity is fictional for learning.,"materials,europe,smallcap"
C0035,company,Frontier Systems (DJD),Frontier Systems (DJD) is a simulated Consumer Discretionary company in North America. Market cap tier: Small Cap. Rev growth (ttm): 0.015. Operating margin: 0.110. Debt/Equity: 0.19. Risk note: Foreign exchange fluctuations material. This entity is fictional for learning.,"consumer discretionary,north america,smallcap"
C0036,company,Velocity Metals (AWOMY),Velocity Metals (AWOMY) is a simulated Consumer Staples company in Latin America. Market cap tier: Large Cap. Rev growth (ttm): 0.327. Operating margin: 0.089. Debt/Equity: 2.24. Risk note: Capital intensive projects with long payback periods. This entity is fictional for learning.,"consumer staples,latin america,largecap"
C0037,company,Paragon Pharma (FLAI),Paragon Pharma (FLAI) is a simulated Telecommunication Services company in Latin America. Market cap tier: Mid Cap. Rev growth (ttm): 0.270. Operating margin: 0.314. Debt/Equity: 2.94. Risk note: Capital intensive projects with long payback periods. This entity is fictional for learning.,"telecommunication services,latin america,midcap"
C0038,company,Apex Software (OAQDM),Apex Software (OAQDM) is a simulated Technology company in Asia-Pacific. Market cap tier: Small Cap. Rev growth (ttm): -0.044. Operating margin: 0.047. Debt/Equity: 2.28. Risk note: Foreign exchange fluctuations material. This entity is fictional for learning.,"technology,asia-pacific,smallcap"
C0039,company,Pioneer Biotech (VMTB),Pioneer Biotech (VMTB) is a simulated Energy company in Europe. Market cap tier: Mid Cap. Rev growth (ttm): 0.241. Operating margin: 0.193. Debt/Equity: 2.26. Risk note: High leverage; sensitive to interest rates. This entity is fictional for learning.,"energy,europe,midcap"
C0040,company,Orion Labs (DDROF),Orion Labs (DDROF) is a simulated Consumer Staples company in Asia-Pacific. Market cap tier: Micro Cap. Rev growth (ttm): 0.154. Operating margin: 0.237. Debt/Equity: 0.34. Risk note: Regulatory approvals pending for key products. This entity is fictional for learning.,"consumer staples,asia-pacific,microcap"
C0041,company,Unity Holdings (AIRYK),Unity Holdings (AIRYK) is a simulated Consumer Discretionary company in North America. Market cap tier: Mid Cap. Rev growth (ttm): 0.265. Operating margin: 0.009. Debt/Equity: 2.09. Risk note: Commodity price exposure drives margins. This entity is fictional for learning.,"consumer discretionary,north america,midcap"
C0042,company,Paragon Holdings (UJLJN),Paragon Holdings (UJLJN) is a simulated Energy company in North America. Market cap tier: Large Cap. Rev growth (ttm): 0.261. Operating margin: -0.053. Debt/Equity: 2.88. Risk note: Competitive market with rapid innovation cycles. This entity is fictional for learning.,"energy,north america,largecap"
C0043,company,Atlas Biotech (TZH),Atlas Biotech (TZH) is a simulated Utilities company in Latin America. Market cap tier: Small Cap. Rev growth (ttm): 0.263. Operating margin: 0.167. Debt/Equity: 0.97. Risk note: High leverage; sensitive to interest rates. This entity is fictional for learning.,"utilities,latin america,smallcap"
C0044,company,Quantum Aerospace (GMPJ),Quantum Aerospace (GMPJ) is a simulated Technology company in Latin America. Market cap tier: Large Cap. Rev growth (ttm): -0.059. Operating margin: -0.005. Debt/Equity: 2.39. Risk note: Customer concentration risk present. This entity is fictional for learning.,"technology,latin america,largecap"
C0045,company,Pioneer Realty (WONEG),Pioneer Realty (WONEG) is a simulated Industrials company in Latin America. Market cap tier: Mid Cap. Rev growth (ttm): -0.030. Operating margin: 0.114. Debt/Equity: 2.14. Risk note: Competitive market with rapid innovation cycles. This entity is fictional for learning.,"industrials,latin america,midcap"
C0046,company,Apex Systems (FRHP),Apex Systems (FRHP) is a simulated Materials company in Middle East & Africa. Market cap tier: Mid Cap. Rev growth (ttm): 0.063. Operating margin: 0.236. Debt/Equity: 0.99. Risk note: Competitive market with rapid innovation cycles. This entity is fictional for learning.,"materials,middle east & africa,midcap"
C0047,company,Pioneer Logistics (FSIT),Pioneer Logistics (FSIT) is a simulated Financials company in Europe. Market cap tier: Micro Cap. Rev growth (ttm): 0.092. Operating margin: 0.226. Debt/Equity: 2.93. Risk note: Capital intensive projects with long payback periods. This entity is fictional for learning.,"financials,europe,microcap"
C0048,company,Paragon Logistics (VHJ),Paragon Logistics (VHJ) is a simulated Consumer Staples company in North America. Market cap tier: Mid Cap. Rev growth (ttm): -0.087. Operating margin: -0.080. Debt/Equity: 0.16. Risk note: Commodity price exposure drives margins. This entity is fictional for learning.,"consumer staples,north america,midcap"
C0049,company,Atlas Capital (WOM),Atlas Capital (WOM) is a simulated Materials company in Asia-Pacific. Market cap tier: Micro Cap. Rev growth (ttm): -0.124. Operating margin: 0.323. Debt/Equity: 1.43. Risk note: Cyclical demand affects earnings variability. This entity is fictional for learning.,"materials,asia-pacific,microcap"
C0050,company,Velocity Capital (PRD),Velocity Capital (PRD) is a simulated Real Estate company in Asia-Pacific. Market cap tier: Micro Cap. Rev growth (ttm): -0.026. Operating margin: 0.151. Debt/Equity: 1.25. Risk note: Stable cash flows from long-term contracts. This entity is fictional for learning.,"real estate,asia-pacific,microcap"
C0051,company,Paragon Pharma (JXHPL),Paragon Pharma (JXHPL) is a simulated Real Estate company in Middle East & Africa. Market cap tier: Micro Cap. Rev growth (ttm): 0.330. Operating margin: -0.055. Debt/Equity: 2.29. Risk note: High leverage; sensitive to interest rates. This entity is fictional for learning.,"real estate,middle east & africa,microcap"
C0052,company,Pioneer Systems (GOE),Pioneer Systems (GOE) is a simulated Industrials company in Latin America. Market cap tier: Mid Cap. Rev growth (ttm): 0.085. Operating margin: -0.085. Debt/Equity: 0.86. Risk note: Commodity price exposure drives margins. This entity is fictional for learning.,"industrials,latin america,midcap"
C0053,company,Citrine Systems (GGUPU),Citrine Systems (GGUPU) is a simulated Consumer Discretionary company in Latin America. Market cap tier: Micro Cap. Rev growth (ttm): -0.038. Operating margin: -0.033. Debt/Equity: 0.80. Risk note: Regulatory approvals pending for key products. This entity is fictional for learning.,"consumer discretionary,latin america,microcap"
C0054,company,Quantum Industries (UPV),Quantum Industries (UPV) is a simulated Consumer Staples company in Latin America. Market cap tier: Micro Cap. Rev growth (ttm): 0.194. Operating margin: 0.215. Debt/Equity: 2.83. Risk note: Capital intensive projects with long payback periods. This entity is fictional for learning.,"consumer staples,latin america,microcap"
C0055,company,Frontier Capital (CBLI),Frontier Capital (CBLI) is a simulated Consumer Staples company in North America. Market cap tier: Micro Cap. Rev growth (ttm): 0.331. Operating margin: 0.276. Debt/Equity: 1.73. Risk note: Early-stage with limited revenue history. This entity is fictional for learning.,"consumer staples,north america,microcap"
C0056,company,Pioneer Metals (TEN),Pioneer Metals (TEN) is a simulated Materials company in Asia-Pacific. Market cap tier: Micro Cap. Rev growth (ttm): 0.143. Operating margin: 0.186. Debt/Equity: 1.48. Risk note: Cyclical demand affects earnings variability. This entity is fictional for learning.,"materials,asia-pacific,microcap"
C0057,company,Cascade Hardware (IRWI),Cascade Hardware (IRWI) is a simulated Materials company in Asia-Pacific. Market cap tier: Mid Cap. Rev growth (ttm): 0.050. Operating margin: 0.242. Debt/Equity: 0.11. Risk note: Cyclical demand affects earnings variability. This entity is fictional for learning.,"materials,asia-pacific,midcap"
C0058,company,Zenith Aerospace (DUWV),Zenith Aerospace (DUWV) is a simulated Technology company in Middle East & Africa. Market cap tier: Small Cap. Rev growth (ttm): -0.123. Operating margin: 0.133. Debt/Equity: 1.87. Risk note: Competitive market with rapid innovation cycles. This entity is fictional for learning.,"technology,middle east & africa,smallcap"
C0059,company,Citrine Industries (GDH),Citrine Industries (GDH) is a simulated Materials company in North America. Market cap tier: Micro Cap. Rev growth (ttm): 0.165. Operating margin: 0.260. Debt/Equity: 2.13. Risk note: Commodity price exposure drives margins. This entity is fictional for learning.,"materials,north america,microcap"
C0060,company,Frontier Labs (KFVCY),Frontier Labs (KFVCY) is a simulated Telecommunication Services company in Europe. Market cap tier: Small Cap. Rev growth (ttm): 0.208. Operating margin: 0.129. Debt/Equity: 0.82. Risk note: Competitive market with rapid innovation cycles. This entity is fictional for learning.,"telecommunication services,europe,smallcap"
C0061,company,Cascade Pharma (OJXN),Cascade Pharma (OJXN) is a simulated Financials company in North America. Market cap tier: Small Cap. Rev growth (ttm): 0.245. Operating margin: 0.087. Debt/Equity: 2.80. Risk note: Capital intensive projects with long payback periods. This entity is fictional for learning.,"financials,north america,smallcap"
C0062,company,Pioneer Labs (SVPR),Pioneer Labs (SVPR) is a simulated Financials company in Latin America. Market cap tier: Mid Cap. Rev growth (ttm): 0.023. Operating margin: 0.148. Debt/Equity: 1.63. Risk note: Competitive market with rapid innovation cycles. This entity is fictional for learning.,"financials,latin america,midcap"
C0063,company,Zenith Foods (GJWKI),Zenith Foods (GJWKI) is a simulated Materials company in Latin America. Market cap tier: Small Cap. Rev growth (ttm): 0.182. Operating margin: 0.269. Debt/Equity: 2.94. Risk note: Competitive market with rapid innovation cycles. This entity is fictional for learning.,"materials,latin america,smallcap"
C0064,company,Nova Networks (ZICVC),Nova Networks (ZICVC) is a simulated Materials company in North America. Market cap tier: Mid Cap. Rev growth (ttm): 0.055. Operating margin: 0.195. Debt/Equity: 0.46. Risk note: Competitive market with rapid innovation cycles. This entity is fictional for learning.,"materials,north america,midcap"
C0065,company,Pioneer Retail (SQWWW),Pioneer Retail (SQWWW) is a simulated Industrials company in Asia-Pacific. Market cap tier: Mid Cap. Rev growth (ttm): 0.294. Operating margin: 0.120. Debt/Equity: 1.62. Risk note: Stable cash flows from long-term contracts. This entity is fictional for learning.,"industrials,asia-pacific,midcap"
C0066,company,Quantum Pharma (RHFCZ),Quantum Pharma (RHFCZ) is a simulated Telecommunication Services company in North America. Market cap tier: Small Cap. Rev growth (ttm): 0.197. Operating margin: 0.307. Debt/Equity: 0.14. Risk note: Early-stage with limited revenue history. This entity is fictional for learning.,"telecommunication services,north america,smallcap"
C0067,company,Unity Hardware (LGKR),Unity Hardware (LGKR) is a simulated Financials company in Europe. Market cap tier: Micro Cap. Rev growth (ttm): 0.155. Operating margin: 0.072. Debt/Equity: 2.05. Risk note: Competitive market with rapid innovation cycles. This entity is fictional for learning.,"financials,europe,microcap"
C0068,company,Equinox Networks (LGG),Equinox Networks (LGG) is a simulated Technology company in Latin America. Market cap tier: Large Cap. Rev growth (ttm): 0.189. Operating margin: -0.029. Debt/Equity: 1.33. Risk note: Customer concentration risk present. This entity is fictional for learning.,"technology,latin america,largecap"
C0069,company,Equinox Logistics (ZRLHZ),Equinox Logistics (ZRLHZ) is a simulated Materials company in North America. Market cap tier: Micro Cap. Rev growth (ttm): 0.136. Operating margin: 0.159. Debt/Equity: 2.98. Risk note: Commodity price exposure drives margins. This entity is fictional for learning.,"materials,north america,microcap"
C0070,company,Apex Software (AWUZ),Apex Software (AWUZ) is a simulated Real Estate company in Latin America. Market cap tier: Large Cap. Rev growth (ttm): 0.301. Operating margin: 0.249. Debt/Equity: 0.69. Risk note: Customer concentration risk present. This entity is fictional for learning.,"real estate,latin america,largecap"
C0071,company,Summit Foods (GTTRD),Summit Foods (GTTRD) is a simulated Healthcare company in North America. Market cap tier: Small Cap. Rev growth (ttm): 0.070. Operating margin: 0.161. Debt/Equity: 2.20. Risk note: Cyclical demand affects earnings variability. This entity is fictional for learning.,"healthcare,north america,smallcap"
C0072,company,Unity Retail (KFUWJ),Unity Retail (KFUWJ) is a simulated Utilities company in Asia-Pacific. Market cap tier: Large Cap. Rev growth (ttm): -0.022. Operating margin: 0.271. Debt/Equity: 1.45. Risk note: Commodity price exposure drives margins. This entity is fictional for learning.,"utilities,asia-pacific,largecap"
C0073,company,Zenith Holdings (ZDZW),Zenith Holdings (ZDZW) is a simulated Telecommunication Services company in Latin America. Market cap tier: Mega Cap. Rev growth (ttm): 0.252. Operating margin: 0.065. Debt/Equity: 2.37. Risk note: Early-stage with limited revenue history. This entity is fictional for learning.,"telecommunication services,latin america,megacap"
C0074,company,Pioneer Automotive (LRR),Pioneer Automotive (LRR) is a simulated Real Estate company in Latin America. Market cap tier: Large Cap. Rev growth (ttm): 0.320. Operating margin: -0.051. Debt/Equity: 0.70. Risk note: Early-stage with limited revenue history. This entity is fictional for learning.,"real estate,latin america,largecap"
C0075,company,Paragon Automotive (XFBV),Paragon Automotive (XFBV) is a simulated Consumer Staples company in Latin America. Market cap tier: Micro Cap. Rev growth (ttm): -0.127. Operating margin: -0.083. Debt/Equity: 2.99. Risk note: Cyclical demand affects earnings variability. This entity is fictional for learning.,"consumer staples,latin america,microcap"
C0076,company,Vertex Pharma (DLRTY),Vertex Pharma (DLRTY) is a simulated Industrials company in Middle East & Africa. Market cap tier: Mid Cap. Rev growth (ttm): -0.073. Operating margin: 0.087. Debt/Equity: 0.30. Risk note: Competitive market with rapid innovation cycles. This entity is fictional for learning.,"industrials,middle east & africa,midcap"
C0077,company,Paragon Biotech (AJLY),Paragon Biotech (AJLY) is a simulated Energy company in North America. Market cap tier: Mega Cap. Rev growth (ttm): 0.034. Operating margin: 0.306. Debt/Equity: 1.93. Risk note: Early-stage with limited revenue history. This entity is fictional for learning.,"energy,north america,megacap"
C0078,company,Velocity Aerospace (ZYV),Velocity Aerospace (ZYV) is a simulated Healthcare company in Europe. Market cap tier: Mid Cap. Rev growth (ttm): 0.149. Operating margin: -0.090. Debt/Equity: 2.36. Risk note: High leverage; sensitive to interest rates. This entity is fictional for learning.,"healthcare,europe,midcap"
C0079,company,Atlas Metals (BTF),Atlas Metals (BTF) is a simulated Consumer Discretionary company in Europe. Market cap tier: Small Cap. Rev growth (ttm): -0.076. Operating margin: 0.305. Debt/Equity: 0.01. Risk note: Regulatory approvals pending for key products. This entity is fictional for learning.,"consumer discretionary,europe,smallcap"
C0080,company,Atlas Automotive (UCWD),Atlas Automotive (UCWD) is a simulated Energy company in Europe. Market cap tier: Mid Cap. Rev growth (ttm): -0.142. Operating margin: 0.019. Debt/Equity: 0.38. Risk note: Foreign exchange fluctuations material. This entity is fictional for learning.,"energy,europe,midcap"
C0081,company,Harbor Holdings (BLJPL),Harbor Holdings (BLJPL) is a simulated Consumer Discretionary company in Middle East & Africa. Market cap tier: Micro Cap. Rev growth (ttm): 0.242. Operating margin: 0.290. Debt/Equity: 1.56. Risk note: Competitive market with rapid innovation cycles. This entity is fictional for learning.,"consumer discretionary,middle east & africa,microcap"
C0082,company,Apex Industries (WLCS),Apex Industries (WLCS) is a simulated Materials company in North America. Market cap tier: Large Cap. Rev growth (ttm): 0.011. Operating margin: -0.033. Debt/Equity: 0.38. Risk note: Stable cash flows from long-term contracts. This entity is fictional for learning.,"materials,north america,largecap"
C0083,company,Equinox Automotive (IZNLP),Equinox Automotive (IZNLP) is a simulated Healthcare company in North America. Market cap tier: Large Cap. Rev growth (ttm): 0.175. Operating margin: 0.246. Debt/Equity: 2.16. Risk note: High leverage; sensitive to interest rates. This entity is fictional for learning.,"healthcare,north america,largecap"
C0084,company,Mirage Semiconductor (KVK),Mirage Semiconductor (KVK) is a simulated Healthcare company in Asia-Pacific. Market cap tier: Small Cap. Rev growth (ttm): 0.183. Operating margin: 0.068. Debt/Equity: 0.46. Risk note: Competitive market with rapid innovation cycles. This entity is fictional for learning.,"healthcare,asia-pacific,smallcap"
C0085,company,Quantum Systems (CCT),Quantum Systems (CCT) is a simulated Financials company in Middle East & Africa. Market cap tier: Micro Cap. Rev growth (ttm): 0.328. Operating margin: 0.153. Debt/Equity: 2.01. Risk note: Foreign exchange fluctuations material. This entity is fictional for learning.,"financials,middle east & africa,microcap"
C0086,company,Aurora Biotech (BHICN),Aurora Biotech (BHICN) is a simulated Financials company in Latin America. Market cap tier: Micro Cap. Rev growth (ttm): -0.096. Operating margin: 0.280. Debt/Equity: 1.10. Risk note: Commodity price exposure drives margins. This entity is fictional for learning.,"financials,latin america,microcap"
C0087,company,Equinox Pharma (VZVP),Equinox Pharma (VZVP) is a simulated Telecommunication Services company in Middle East & Africa. Market cap tier: Micro Cap. Rev growth (ttm): 0.315. Operating margin: 0.273. Debt/Equity: 0.80. Risk note: Regulatory approvals pending for key products. This entity is fictional for learning.,"telecommunication services,middle east & africa,microcap"
C0088,company,Pioneer Logistics (JEDR),Pioneer Logistics (JEDR) is a simulated Healthcare company in Europe. Market cap tier: Mid Cap. Rev growth (ttm): 0.336. Operating margin: -0.059. Debt/Equity: 1.59. Risk note: Foreign exchange fluctuations material. This entity is fictional for learning.,"healthcare,europe,midcap"
C0089,company,Mirage Semiconductor (EIIY),Mirage Semiconductor (EIIY) is a simulated Real Estate company in North America. Market cap tier: Large Cap. Rev growth (ttm): -0.072. Operating margin: 0.239. Debt/Equity: 0.15. Risk note: Cyclical demand affects earnings variability. This entity is fictional for learning.,"real estate,north america,largecap"
C0090,company,Pioneer Semiconductor (LPKFN),Pioneer Semiconductor (LPKFN) is a simulated Energy company in Latin America. Market cap tier: Micro Cap. Rev growth (ttm): 0.189. Operating margin: 0.167. Debt/Equity: 1.58. Risk note: Commodity price exposure drives margins. This entity is fictional for learning.,"energy,latin america,microcap"
C0091,company,Nova Pharma (ZBFY),Nova Pharma (ZBFY) is a simulated Financials company in Asia-Pacific. Market cap tier: Small Cap. Rev growth (ttm): -0.090. Operating margin: 0.124. Debt/Equity: 1.29. Risk note: Regulatory approvals pending for key products. This entity is fictional for learning.,"financials,asia-pacific,smallcap"
C0092,company,Velocity Automotive (FORJK),Velocity Automotive (FORJK) is a simulated Technology company in Latin America. Market cap tier: Micro Cap. Rev growth (ttm): 0.311. Operating margin: 0.288. Debt/Equity: 1.73. Risk note: Stable cash flows from long-term contracts. This entity is fictional for learning.,"technology,latin america,microcap"
C0093,company,Velocity Biotech (CAIU),Velocity Biotech (CAIU) is a simulated Real Estate company in Latin America. Market cap tier: Large Cap. Rev growth (ttm): 0.310. Operating margin: -0.060. Debt/Equity: 2.53. Risk note: High leverage; sensitive to interest rates. This entity is fictional for learning.,"real estate,latin america,largecap"
C0094,company,Mirage Metals (NKII),Mirage Metals (NKII) is a simulated Energy company in Europe. Market cap tier: Micro Cap. Rev growth (ttm): 0.167. Operating margin: 0.139. Debt/Equity: 0.58. Risk note: Customer concentration risk present. This entity is fictional for learning.,"energy,europe,microcap"
C0095,company,Aurora Networks (CGE),Aurora Networks (CGE) is a simulated Financials company in North America. Market cap tier: Micro Cap. Rev growth (ttm): 0.236. Operating margin: 0.122. Debt/Equity: 2.26. Risk note: Stable cash flows from long-term contracts. This entity is fictional for learning.,"financials,north america,microcap"
C0096,company,Citrine Metals (QQWQD),Citrine Metals (QQWQD) is a simulated Healthcare company in Latin America. Market cap tier: Small Cap. Rev growth (ttm): 0.001. Operating margin: 0.024. Debt/Equity: 0.17. Risk note: Capital intensive projects with long payback periods. This entity is fictional for learning.,"healthcare,latin america,smallcap"
C0097,company,Quantum Logistics (LBVB),Quantum Logistics (LBVB) is a simulated Healthcare company in Middle East & Africa. Market cap tier: Mid Cap. Rev growth (ttm): 0.042. Operating margin: 0.161. Debt/Equity: 2.86. Risk note: Early-stage with limited revenue history. This entity is fictional for learning.,"healthcare,middle east & africa,midcap"
C0098,company,Citrine Metals (EPNYL),Citrine Metals (EPNYL) is a simulated Energy company in North America. Market cap tier: Mid Cap. Rev growth (ttm): -0.064. Operating margin: 0.011. Debt/Equity: 1.31. Risk note: Competitive market with rapid innovation cycles. This entity is fictional for learning.,"energy,north america,midcap"
C0099,company,Harbor Media (EJHKI),Harbor Media (EJHKI) is a simulated Real Estate company in North America. Market cap tier: Large Cap. Rev growth (ttm): 0.174. Operating margin: -0.070. Debt/Equity: 0.28. Risk note: Foreign exchange fluctuations material. This entity is fictional for learning.,"real estate,north america,largecap"
C0100,company,Unity Aerospace (WZPDC),Unity Aerospace (WZPDC) is a simulated Telecommunication Services company in Europe. Market cap tier: Large Cap. Rev growth (ttm): 0.005. Operating margin: 0.195. Debt/Equity: 1.99. Risk note: Regulatory approvals pending for key products. This entity is fictional for learning.,"telecommunication services,europe,largecap"
C0101,company,Paragon Systems (OQID),Paragon Systems (OQID) is a simulated Telecommunication Services company in Middle East & Africa. Market cap tier: Micro Cap. Rev growth (ttm): 0.185. Operating margin: 0.129. Debt/Equity: 0.05. Risk note: Commodity price exposure drives margins. This entity is fictional for learning.,"telecommunication services,middle east & africa,microcap"
C0102,company,Nimbus Foods (YMFD),Nimbus Foods (YMFD) is a simulated Healthcare company in Asia-Pacific. Market cap tier: Large Cap. Rev growth (ttm): -0.099. Operating margin: 0.247. Debt/Equity: 2.51. Risk note: Capital intensive projects with long payback periods. This entity is fictional for learning.,"healthcare,asia-pacific,largecap"
C0103,company,Nova Retail (DJEVU),Nova Retail (DJEVU) is a simulated Financials company in Latin America. Market cap tier: Micro Cap. Rev growth (ttm): 0.032. Operating margin: 0.224. Debt/Equity: 2.91. Risk note: Stable cash flows from long-term contracts. This entity is fictional for learning.,"financials,latin america,microcap"
C0104,company,Unity Semiconductor (NIV),Unity Semiconductor (NIV) is a simulated Materials company in Europe. Market cap tier: Small Cap. Rev growth (ttm): 0.324. Operating margin: 0.343. Debt/Equity: 1.39. Risk note: Commodity price exposure drives margins. This entity is fictional for learning.,"materials,europe,smallcap"
C0105,company,Velocity Media (KEFPW),Velocity Media (KEFPW) is a simulated Technology company in Latin America. Market cap tier: Large Cap. Rev growth (ttm): 0.127. Operating margin: -0.054. Debt/Equity: 2.54. Risk note: Cyclical demand affects earnings variability. This entity is fictional for learning.,"technology,latin america,largecap"
C0106,company,Unity Systems (HXD),Unity Systems (HXD) is a simulated Industrials company in North America. Market cap tier: Large Cap. Rev growth (ttm): -0.039. Operating margin: 0.103. Debt/Equity: 1.05. Risk note: Early-stage with limited revenue history. This entity is fictional for learning.,"industrials,north america,largecap"
C0107,company,Mirage Industries (NGZJ),Mirage Industries (NGZJ) is a simulated Technology company in Asia-Pacific. Market cap tier: Large Cap. Rev growth (ttm): 0.270. Operating margin: 0.192. Debt/Equity: 2.37. Risk note: Regulatory approvals pending for key products. This entity is fictional for learning.,"technology,asia-pacific,largecap"
C0108,company,Nova Logistics (SDSL),Nova Logistics (SDSL) is a simulated Technology company in North America. Market cap tier: Micro Cap. Rev growth (ttm): -0.042. Operating margin: -0.033. Debt/Equity: 2.82. Risk note: Stable cash flows from long-term contracts. This entity is fictional for learning.,"technology,north america,microcap"
C0109,company,Harbor Biotech (UGD),Harbor Biotech (UGD) is a simulated Consumer Discretionary company in Latin America. Market cap tier: Mid Cap. Rev growth (ttm): 0.161. Operating margin: -0.072. Debt/Equity: 2.51. Risk note: Competitive market with rapid innovation cycles. This entity is fictional for learning.,"consumer discretionary,latin america,midcap"
C0110,company,Paragon Automotive (QOS),Paragon Automotive (QOS) is a simulated Consumer Staples company in Latin America. Market cap tier: Micro Cap. Rev growth (ttm): 0.026. Operating margin: 0.157. Debt/Equity: 0.56. Risk note: Cyclical demand affects earnings variability. This entity is fictional for learning.,"consumer staples,latin america,microcap"
C0111,company,Harbor Hardware (YOU),Harbor Hardware (YOU) is a simulated Utilities company in Middle East & Africa. Market cap tier: Micro Cap. Rev growth (ttm): 0.287. Operating margin: -0.080. Debt/Equity: 1.16. Risk note: Customer concentration risk present. This entity is fictional for learning.,"utilities,middle east & africa,microcap"
C0112,company,Pioneer Labs (UITQ),Pioneer Labs (UITQ) is a simulated Real Estate company in Asia-Pacific. Market cap tier: Micro Cap. Rev growth (ttm): 0.026. Operating margin: 0.052. Debt/Equity: 1.93. Risk note: Competitive market with rapid innovation cycles. This entity is fictional for learning.,"real estate,asia-pacific,microcap"
C0113,company,Cascade Energy (BUL),Cascade Energy (BUL) is a simulated Consumer Staples company in Europe. Market cap tier: Micro Cap. Rev growth (ttm): -0.050. Operating margin: -0.081. Debt/Equity: 2.80. Risk note: Capital intensive projects with long payback periods. This entity is fictional for learning.,"consumer staples,europe,microcap"
C0114,company,Velocity Automotive (GTEJ),Velocity Automotive (GTEJ) is a simulated Technology company in Asia-Pacific. Market cap tier: Small Cap. Rev growth (ttm): 0.250. Operating margin: 0.097. Debt/Equity: 1.20. Risk note: Competitive market with rapid innovation cycles. This entity is fictional for learning.,"technology,asia-pacific,smallcap"
C0115,company,Velocity Retail (MMY),Velocity Retail (MMY) is a simulated Utilities company in Asia-Pacific. Market cap tier: Large Cap. Rev growth (ttm): 0.214. Operating margin: -0.064. Debt/Equity: 1.81. Risk note: Regulatory approvals pending for key products. This entity is fictional for learning.,"utilities,asia-pacific,largecap"
C0116,company,Frontier Logistics (CIHL),Frontier Logistics (CIHL) is a simulated Industrials company in Europe. Market cap tier: Mid Cap. Rev growth (ttm): 0.026. Operating margin: -0.081. Debt/Equity: 2.61. Risk note: Customer concentration risk present. This entity is fictional for learning.,"industrials,europe,midcap"
C0117,company,Paragon Biotech (QUBR),Paragon Biotech (QUBR) is a simulated Industrials company in Asia-Pacific. Market cap tier: Mid Cap. Rev growth (ttm): 0.225. Operating margin: -0.028. Debt/Equity: 0.09. Risk note: Stable cash flows from long-term contracts. This entity is fictional for learning.,"industrials,asia-pacific,midcap"
C0118,company,Citrine Industries (BUJ),Citrine Industries (BUJ) is a simulated Industrials company in Middle East & Africa. Market cap tier: Micro Cap. Rev growth (ttm): -0.073. Operating margin: 0.102. Debt/Equity: 1.11. Risk note: Competitive market with rapid innovation cycles. This entity is fictional for learning.,"industrials,middle east & africa,microcap"
C0119,company,Quantum Metals (NKQ),Quantum Metals (NKQ) is a simulated Consumer Discretionary company in North America. Market cap tier: Micro Cap. Rev growth (ttm): -0.057. Operating margin: 0.133. Debt/Equity: 2.74. Risk note: Cyclical demand affects earnings variability. This entity is fictional for learning.,"consumer discretionary,north america,microcap"
C0120,company,Pioneer Aerospace (LZHXM),Pioneer Aerospace (LZHXM) is a simulated Healthcare company in Europe. Market cap tier: Large Cap. Rev growth (ttm): 0.076. Operating margin: 0.304. Debt/Equity: 1.34. Risk note: Cyclical demand affects earnings variability. This entity is fictional for learning.,"healthcare,europe,largecap"
C0121,company,Zenith Hardware (BOXWS),Zenith Hardware (BOXWS) is a simulated Telecommunication Services company in Europe. Market cap tier: Large Cap. Rev growth (ttm): 0.104. Operating margin: -0.045. Debt/Equity: 0.60. Risk note: Regulatory approvals pending for key products. This entity is fictional for learning.,"telecommunication services,europe,largecap"
C0122,company,Summit Capital (JOM),Summit Capital (JOM) is a simulated Utilities company in Europe. Market cap tier: Mid Cap. Rev growth (ttm): -0.107. Operating margin: 0.039. Debt/Equity: 3.00. Risk note: Competitive market with rapid innovation cycles. This entity is fictional for learning.,"utilities,europe,midcap"
C0123,company,Harbor Biotech (VBZQ),Harbor Biotech (VBZQ) is a simulated Materials company in Latin America. Market cap tier: Mid Cap. Rev growth (ttm): 0.022. Operating margin: 0.295. Debt/Equity: 2.34. Risk note: Stable cash flows from long-term contracts. This entity is fictional for learning.,"materials,latin america,midcap"
C0124,company,Nimbus Networks (NWVN),Nimbus Networks (NWVN) is a simulated Consumer Staples company in Europe. Market cap tier: Micro Cap. Rev growth (ttm): 0.317. Operating margin: 0.001. Debt/Equity: 2.84. Risk note: Capital intensive projects with long payback periods. This entity is fictional for learning.,"consumer staples,europe,microcap"
C0125,company,Unity Systems (FYHQ),Unity Systems (FYHQ) is a simulated Real Estate company in Middle East & Africa. Market cap tier: Micro Cap. Rev growth (ttm): 0.170. Operating margin: 0.166. Debt/Equity: 1.74. Risk note: Regulatory approvals pending for key products. This entity is fictional for learning.,"real estate,middle east & africa,microcap"
C0126,company,Paragon Realty (VOVA),Paragon Realty (VOVA) is a simulated Technology company in Middle East & Africa. Market cap tier: Small Cap. Rev growth (ttm): -0.045. Operating margin: 0.157. Debt/Equity: 1.85. Risk note: Early-stage with limited revenue history. This entity is fictional for learning.,"technology,middle east & africa,smallcap"
C0127,company,Cascade Automotive (QHGU),Cascade Automotive (QHGU) is a simulated Industrials company in Asia-Pacific. Market cap tier: Small Cap. Rev growth (ttm): 0.194. Operating margin: -0.029. Debt/Equity: 1.25. Risk note: Competitive market with rapid innovation cycles. This entity is fictional for learning.,"industrials,asia-pacific,smallcap"
C0128,company,Orion Retail (DWIZI),Orion Retail (DWIZI) is a simulated Industrials company in Europe. Market cap tier: Large Cap. Rev growth (ttm): 0.107. Operating margin: -0.052. Debt/Equity: 0.73. Risk note: Cyclical demand affects earnings variability. This entity is fictional for learning.,"industrials,europe,largecap"
C0129,company,Pioneer Semiconductor (DBY),Pioneer Semiconductor (DBY) is a simulated Real Estate company in Latin America. Market cap tier: Micro Cap. Rev growth (ttm): 0.283. Operating margin: -0.028. Debt/Equity: 0.98. Risk note: Stable cash flows from long-term contracts. This entity is fictional for learning.,"real estate,latin america,microcap"
C0130,company,Zenith Foods (MNM),Zenith Foods (MNM) is a simulated Consumer Staples company in Latin America. Market cap tier: Micro Cap. Rev growth (ttm): 0.323. Operating margin: 0.127. Debt/Equity: 2.90. Risk note: High leverage; sensitive to interest rates. This entity is fictional for learning.,"consumer staples,latin america,microcap"
C0131,company,Equinox Hardware (BMW),Equinox Hardware (BMW) is a simulated Telecommunication Services company in Latin America. Market cap tier: Small Cap. Rev growth (ttm): -0.146. Operating margin: -0.052. Debt/Equity: 0.40. Risk note: Commodity price exposure drives margins. This entity is fictional for learning.,"telecommunication services,latin america,smallcap"
C0132,company,Aurora Software (BBOJ),Aurora Software (BBOJ) is a simulated Consumer Staples company in North America. Market cap tier: Small Cap. Rev growth (ttm): 0.075. Operating margin: 0.147. Debt/Equity: 2.48. Risk note: Stable cash flows from long-term contracts. This entity is fictional for learning.,"consumer staples,north america,smallcap"
C0133,company,Paragon Holdings (ZKU),Paragon Holdings (ZKU) is a simulated Energy company in Middle East & Africa. Market cap tier: Large Cap. Rev growth (ttm): 0.227. Operating margin: -0.010. Debt/Equity: 1.53. Risk note: Capital intensive projects with long payback periods. This entity is fictional for learning.,"energy,middle east & africa,largecap"
C0134,company,Nova Industries (DIM),Nova Industries (DIM) is a simulated Materials company in Europe. Market cap tier: Mid Cap. Rev growth (ttm): 0.108. Operating margin: 0.048. Debt/Equity: 1.84. Risk note: Regulatory approvals pending for key products. This entity is fictional for learning.,"materials,europe,midcap"
C0135,company,Velocity Realty (VPNNM),Velocity Realty (VPNNM) is a simulated Real Estate company in Asia-Pacific. Market cap tier: Small Cap. Rev growth (ttm): -0.142. Operating margin: 0.049. Debt/Equity: 0.33. Risk note: Foreign exchange fluctuations material. This entity is fictional for learning.,"real estate,asia-pacific,smallcap"
C0136,company,Equinox Logistics (WQPGR),Equinox Logistics (WQPGR) is a simulated Real Estate company in Middle East & Africa. Market cap tier: Micro Cap. Rev growth (ttm): -0.124. Operating margin: 0.116. Debt/Equity: 1.57. Risk note: Stable cash flows from long-term contracts. This entity is fictional for learning.,"real estate,middle east & africa,microcap"
C0137,company,Velocity Networks (GOSEL),Velocity Networks (GOSEL) is a simulated Industrials company in Europe. Market cap tier: Small Cap. Rev growth (ttm): -0.048. Operating margin: 0.126. Debt/Equity: 1.83. Risk note: Competitive market with rapid innovation cycles. This entity is fictional for learning.,"industrials,europe,smallcap"
C0138,company,Nova Networks (FIRNI),Nova Networks (FIRNI) is a simulated Financials company in Latin America. Market cap tier: Large Cap. Rev growth (ttm): 0.021. Operating margin: 0.059. Debt/Equity: 2.32. Risk note: Commodity price exposure drives margins. This entity is fictional for learning.,"financials,latin america,largecap"
C0139,company,Paragon Capital (YHH),Paragon Capital (YHH) is a simulated Consumer Staples company in Asia-Pacific. Market cap tier: Mid Cap. Rev growth (ttm): 0.195. Operating margin: 0.120. Debt/Equity: 1.44. Risk note: Capital intensive projects with long payback periods. This entity is fictional for learning.,"consumer staples,asia-pacific,midcap"
C0140,company,Pioneer Logistics (OOX),Pioneer Logistics (OOX) is a simulated Industrials company in Asia-Pacific. Market cap tier: Mega Cap. Rev growth (ttm): 0.252. Operating margin: 0.031. Debt/Equity: 0.86. Risk note: Cyclical demand affects earnings variability. This entity is fictional for learning.,"industrials,asia-pacific,megacap"
C0141,company,Aurora Semiconductor (GMFOY),Aurora Semiconductor (GMFOY) is a simulated Consumer Staples company in Europe. Market cap tier: Micro Cap. Rev growth (ttm): 0.220. Operating margin: 0.008. Debt/Equity: 0.15. Risk note: Capital intensive projects with long payback periods. This entity is fictional for learning.,"consumer staples,europe,microcap"
C0142,company,Summit Pharma (CIM),Summit Pharma (CIM) is a simulated Telecommunication Services company in Europe. Market cap tier: Micro Cap. Rev growth (ttm): 0.125. Operating margin: 0.318. Debt/Equity: 1.22. Risk note: Competitive market with rapid innovation cycles. This entity is fictional for learning.,"telecommunication services,europe,microcap"
C0143,company,Cascade Foods (IQXC),Cascade Foods (IQXC) is a simulated Real Estate company in Europe. Market cap tier: Mid Cap. Rev growth (ttm): 0.212. Operating margin: 0.322. Debt/Equity: 2.74. Risk note: Regulatory approvals pending for key products. This entity is fictional for learning.,"real estate,europe,midcap"
C0144,company,Mirage Energy (ZKM),Mirage Energy (ZKM) is a simulated Consumer Staples company in North America. Market cap tier: Micro Cap. Rev growth (ttm): 0.134. Operating margin: -0.052. Debt/Equity: 2.95. Risk note: Commodity price exposure drives margins. This entity is fictional for learning.,"consumer staples,north america,microcap"
C0145,company,Citrine Automotive (MYWMF),Citrine Automotive (MYWMF) is a simulated Healthcare company in Asia-Pacific. Market cap tier: Micro Cap. Rev growth (ttm): 0.079. Operating margin: 0.016. Debt/Equity: 0.56. Risk note: Customer concentration risk present. This entity is fictional for learning.,"healthcare,asia-pacific,microcap"
C0146,company,Unity Metals (TEWXV),Unity Metals (TEWXV) is a simulated Utilities company in Asia-Pacific. Market cap tier: Micro Cap. Rev growth (ttm): 0.185. Operating margin: -0.017. Debt/Equity: 0.42. Risk note: Customer concentration risk present. This entity is fictional for learning.,"utilities,asia-pacific,microcap"
C0147,company,Summit Labs (JLGI),Summit Labs (JLGI) is a simulated Real Estate company in Middle East & Africa. Market cap tier: Micro Cap. Rev growth (ttm): 0.177. Operating margin: 0.212. Debt/Equity: 0.19. Risk note: Cyclical demand affects earnings variability. This entity is fictional for learning.,"real estate,middle east & africa,microcap"
C0148,company,Citrine Logistics (KNX),Citrine Logistics (KNX) is a simulated Consumer Staples company in North America. Market cap tier: Mid Cap. Rev growth (ttm): 0.320. Operating margin: 0.065. Debt/Equity: 0.66. Risk note: Regulatory approvals pending for key products. This entity is fictional for learning.,"consumer staples,north america,midcap"
C0149,company,Cascade Networks (TPKO),Cascade Networks (TPKO) is a simulated Materials company in Middle East & Africa. Market cap tier: Large Cap. Rev growth (ttm): 0.263. Operating margin: 0.243. Debt/Equity: 2.04. Risk note: Stable cash flows from long-term contracts. This entity is fictional for learning.,"materials,middle east & africa,largecap"
C0150,company,Quantum Media (NJXC),Quantum Media (NJXC) is a simulated Utilities company in Middle East & Africa. Market cap tier: Micro Cap. Rev growth (ttm): 0.118. Operating margin: -0.026. Debt/Equity: 2.56. Risk note: Competitive market with rapid innovation cycles. This entity is fictional for learning.,"utilities,middle east & africa,microcap"
C0151,company,Vertex Foods (PCNVL),Vertex Foods (PCNVL) is a simulated Utilities company in Latin America. Market cap tier: Small Cap. Rev growth (ttm): -0.121. Operating margin: 0.108. Debt/Equity: 2.42. Risk note: Early-stage with limited revenue history. This entity is fictional for learning.,"utilities,latin america,smallcap"
C0152,company,Velocity Aerospace (TPB),Velocity Aerospace (TPB) is a simulated Energy company in North America. Market cap tier: Mid Cap. Rev growth (ttm): -0.120. Operating margin: 0.302. Debt/Equity: 2.96. Risk note: Competitive market with rapid innovation cycles. This entity is fictional for learning.,"energy,north america,midcap"
C0153,company,Nova Logistics (EDQS),Nova Logistics (EDQS) is a simulated Industrials company in Asia-Pacific. Market cap tier: Mega Cap. Rev growth (ttm): 0.041. Operating margin: 0.291. Debt/Equity: 2.72. Risk note: Foreign exchange fluctuations material. This entity is fictional for learning.,"industrials,asia-pacific,megacap"
C0154,company,Quantum Automotive (QJE),Quantum Automotive (QJE) is a simulated Utilities company in Latin America. Market cap tier: Mid Cap. Rev growth (ttm): 0.214. Operating margin: 0.000. Debt/Equity: 0.01. Risk note: Early-stage with limited revenue history. This entity is fictional for learning.,"utilities,latin america,midcap"
C0155,company,Unity Semiconductor (SLJFL),Unity Semiconductor (SLJFL) is a simulated Financials company in Asia-Pacific. Market cap tier: Micro Cap. Rev growth (ttm): 0.288. Operating margin: 0.244. Debt/Equity: 0.10. Risk note: Foreign exchange fluctuations material. This entity is fictional for learning.,"financials,asia-pacific,microcap"
C0156,company,Paragon Labs (FCA),Paragon Labs (FCA) is a simulated Real Estate company in North America. Market cap tier: Micro Cap. Rev growth (ttm): -0.128. Operating margin: 0.098. Debt/Equity: 1.62. Risk note: Early-stage with limited revenue history. This entity is fictional for learning.,"real estate,north america,microcap"
C0157,company,Atlas Media (GXOP),Atlas Media (GXOP) is a simulated Telecommunication Services company in Asia-Pacific. Market cap tier: Micro Cap. Rev growth (ttm): 0.288. Operating margin: 0.344. Debt/Equity: 1.56. Risk note: Foreign exchange fluctuations material. This entity is fictional for learning.,"telecommunication services,asia-pacific,microcap"
C0158,company,Unity Aerospace (OPT),Unity Aerospace (OPT) is a simulated Financials company in Latin America. Market cap tier: Mid Cap. Rev growth (ttm): -0.127. Operating margin: 0.055. Debt/Equity: 1.93. Risk note: Foreign exchange fluctuations material. This entity is fictional for learning.,"financials,latin america,midcap"
C0159,company,Harbor Retail (KDJTM),Harbor Retail (KDJTM) is a simulated Consumer Discretionary company in Asia-Pacific. Market cap tier: Large Cap. Rev growth (ttm): -0.078. Operating margin: 0.108. Debt/Equity: 0.17. Risk note: Foreign exchange fluctuations material. This entity is fictional for learning.,"consumer discretionary,asia-pacific,largecap"
C0160,company,Mirage Automotive (DGFQX),Mirage Automotive (DGFQX) is a simulated Energy company in North America. Market cap tier: Mid Cap. Rev growth (ttm): 0.265. Operating margin: -0.077. Debt/Equity: 1.13. Risk note: Stable cash flows from long-term contracts. This entity is fictional for learning.,"energy,north america,midcap"
C0161,company,Paragon Industries (ETS),Paragon Industries (ETS) is a simulated Utilities company in Europe. Market cap tier: Small Cap. Rev growth (ttm): 0.285. Operating margin: 0.050. Debt/Equity: 2.87. Risk note: Early-stage with limited revenue history. This entity is fictional for learning.,"utilities,europe,smallcap"
C0162,company,Orion Foods (DZMGP),Orion Foods (DZMGP) is a simulated Consumer Discretionary company in Latin America. Market cap tier: Large Cap. Rev growth (ttm): 0.126. Operating margin: 0.249. Debt/Equity: 1.14. Risk note: Capital intensive projects with long payback periods. This entity is fictional for learning.,"consumer discretionary,latin america,largecap"
C0163,company,Aurora Logistics (JWMU),Aurora Logistics (JWMU) is a simulated Materials company in Asia-Pacific. Market cap tier: Large Cap. Rev growth (ttm): 0.035. Operating margin: 0.086. Debt/Equity: 1.69. Risk note: High leverage; sensitive to interest rates. This entity is fictional for learning.,"materials,asia-pacific,largecap"
C0164,company,Atlas Labs (OPSH),Atlas Labs (OPSH) is a simulated Consumer Discretionary company in Asia-Pacific. Market cap tier: Micro Cap. Rev growth (ttm): 0.135. Operating margin: 0.011. Debt/Equity: 1.65. Risk note: Customer concentration risk present. This entity is fictional for learning.,"consumer discretionary,asia-pacific,microcap"
C0165,company,Pioneer Capital (QMEUE),Pioneer Capital (QMEUE) is a simulated Utilities company in Latin America. Market cap tier: Micro Cap. Rev growth (ttm): 0.295. Operating margin: 0.346. Debt/Equity: 2.87. Risk note: Capital intensive projects with long payback periods. This entity is fictional for learning.,"utilities,latin america,microcap"
C0166,company,Nova Systems (BADQB),Nova Systems (BADQB) is a simulated Financials company in North America. Market cap tier: Micro Cap. Rev growth (ttm): 0.078. Operating margin: -0.073. Debt/Equity: 1.91. Risk note: Stable cash flows from long-term contracts. This entity is fictional for learning.,"financials,north america,microcap"
C0167,company,Cascade Capital (AOA),Cascade Capital (AOA) is a simulated Utilities company in Asia-Pacific. Market cap tier: Mid Cap. Rev growth (ttm): -0.007. Operating margin: 0.126. Debt/Equity: 2.09. Risk note: Foreign exchange fluctuations material. This entity is fictional for learning.,"utilities,asia-pacific,midcap"
C0168,company,Nimbus Holdings (NGQ),Nimbus Holdings (NGQ) is a simulated Consumer Staples company in Asia-Pacific. Market cap tier: Small Cap. Rev growth (ttm): 0.048. Operating margin: 0.068. Debt/Equity: 1.22. Risk note: Stable cash flows from long-term contracts. This entity is fictional for learning.,"consumer staples,asia-pacific,smallcap"
C0169,company,Summit Pharma (RWQW),Summit Pharma (RWQW) is a simulated Technology company in North America. Market cap tier: Small Cap. Rev growth (ttm): 0.039. Operating margin: 0.114. Debt/Equity: 1.91. Risk note: Regulatory approvals pending for key products. This entity is fictional for learning.,"technology,north america,smallcap"
C0170,company,Quantum Capital (QIZZ),Quantum Capital (QIZZ) is a simulated Utilities company in North America. Market cap tier: Micro Cap. Rev growth (ttm): 0.301. Operating margin: 0.212. Debt/Equity: 1.70. Risk note: Commodity price exposure drives margins. This entity is fictional for learning.,"utilities,north america,microcap"
C0171,company,Nova Systems (YXOAY),Nova Systems (YXOAY) is a simulated Energy company in North America. Market cap tier: Mega Cap. Rev growth (ttm): 0.144. Operating margin: 0.239. Debt/Equity: 2.14. Risk note: Foreign exchange fluctuations material. This entity is fictional for learning.,"energy,north america,megacap"
C0172,company,Quantum Logistics (OOW),Quantum Logistics (OOW) is a simulated Telecommunication Services company in Middle East & Africa. Market cap tier: Small Cap. Rev growth (ttm): 0.228. Operating margin: -0.037. Debt/Equity: 2.97. Risk note: Cyclical demand affects earnings variability. This entity is fictional for learning.,"telecommunication services,middle east & africa,smallcap"
C0173,company,Harbor Hardware (CGB),Harbor Hardware (CGB) is a simulated Real Estate company in Middle East & Africa. Market cap tier: Mega Cap. Rev growth (ttm): 0.048. Operating margin: 0.248. Debt/Equity: 0.09. Risk note: Commodity price exposure drives margins. This entity is fictional for learning.,"real estate,middle east & africa,megacap"
C0174,company,Citrine Capital (JYL),Citrine Capital (JYL) is a simulated Telecommunication Services company in Middle East & Africa. Market cap tier: Mid Cap. Rev growth (ttm): -0.107. Operating margin: 0.178. Debt/Equity: 2.39. Risk note: Cyclical demand affects earnings variability. This entity is fictional for learning.,"telecommunication services,middle east & africa,midcap"
C0175,company,Quantum Aerospace (JUE),Quantum Aerospace (JUE) is a simulated Industrials company in Asia-Pacific. Market cap tier: Small Cap. Rev growth (ttm): -0.104. Operating margin: 0.324. Debt/Equity: 1.33. Risk note: Commodity price exposure drives margins. This entity is fictional for learning.,"industrials,asia-pacific,smallcap"
C0176,company,Vertex Networks (ELO),Vertex Networks (ELO) is a simulated Industrials company in North America. Market cap tier: Micro Cap. Rev growth (ttm): 0.027. Operating margin: -0.058. Debt/Equity: 1.79. Risk note: Customer concentration risk present. This entity is fictional for learning.,"industrials,north america,microcap"
C0177,company,Velocity Labs (KUSO),Velocity Labs (KUSO) is a simulated Consumer Discretionary company in Middle East & Africa. Market cap tier: Mid Cap. Rev growth (ttm): 0.193. Operating margin: -0.024. Debt/Equity: 0.81. Risk note: Commodity price exposure drives margins. This entity is fictional for learning.,"consumer discretionary,middle east & africa,midcap"
C0178,company,Cascade Networks (EHH),Cascade Networks (EHH) is a simulated Healthcare company in Asia-Pacific. Market cap tier: Small Cap. Rev growth (ttm): -0.027. Operating margin: 0.181. Debt/Equity: 1.78. Risk note: High leverage; sensitive to interest rates. This entity is fictional for learning.,"healthcare,asia-pacific,smallcap"
C0179,company,Citrine Holdings (HYI),Citrine Holdings (HYI) is a simulated Real Estate company in Latin America. Market cap tier: Large Cap. Rev growth (ttm): 0.015. Operating margin: 0.051. Debt/Equity: 2.45. Risk note: Stable cash flows from long-term contracts. This entity is fictional for learning.,"real estate,latin america,largecap"
C0180,company,Atlas Logistics (PSME),Atlas Logistics (PSME) is a simulated Industrials company in Asia-Pacific. Market cap tier: Small Cap. Rev growth (ttm): 0.197. Operating margin: 0.121. Debt/Equity: 1.73. Risk note: High leverage; sensitive to interest rates. This entity is fictional for learning.,"industrials,asia-pacific,smallcap"
C0181,company,Zenith Software (VKCO),Zenith Software (VKCO) is a simulated Real Estate company in Middle East & Africa. Market cap tier: Micro Cap. Rev growth (ttm): 0.234. Operating margin: -0.088. Debt/Equity: 2.18. Risk note: High leverage; sensitive to interest rates. This entity is fictional for learning.,"real estate,middle east & africa,microcap"
C0182,company,Citrine Logistics (BWURD),Citrine Logistics (BWURD) is a simulated Consumer Staples company in Europe. Market cap tier: Small Cap. Rev growth (ttm): -0.073. Operating margin: 0.090. Debt/Equity: 1.13. Risk note: Competitive market with rapid innovation cycles. This entity is fictional for learning.,"consumer staples,europe,smallcap"
C0183,company,Paragon Capital (KNXRO),Paragon Capital (KNXRO) is a simulated Energy company in Middle East & Africa. Market cap tier: Mid Cap. Rev growth (ttm): 0.307. Operating margin: -0.051. Debt/Equity: 0.74. Risk note: Customer concentration risk present. This entity is fictional for learning.,"energy,middle east & africa,midcap"
C0184,company,Nimbus Realty (OQQ),Nimbus Realty (OQQ) is a simulated Energy company in Latin America. Market cap tier: Micro Cap. Rev growth (ttm): -0.101. Operating margin: -0.000. Debt/Equity: 2.24. Risk note: Capital intensive projects with long payback periods. This entity is fictional for learning.,"energy,latin america,microcap"
C0185,company,Equinox Metals (LKU),Equinox Metals (LKU) is a simulated Real Estate company in Middle East & Africa. Market cap tier: Micro Cap. Rev growth (ttm): 0.349. Operating margin: 0.117. Debt/Equity: 0.89. Risk note: Cyclical demand affects earnings variability. This entity is fictional for learning.,"real estate,middle east & africa,microcap"
C0186,company,Vertex Networks (ILFM),Vertex Networks (ILFM) is a simulated Materials company in North America. Market cap tier: Small Cap. Rev growth (ttm): 0.198. Operating margin: 0.044. Debt/Equity: 0.90. Risk note: Cyclical demand affects earnings variability. This entity is fictional for learning.,"materials,north america,smallcap"
C0187,company,Apex Retail (CUYTN),Apex Retail (CUYTN) is a simulated Utilities company in Europe. Market cap tier: Small Cap. Rev growth (ttm): 0.063. Operating margin: 0.108. Debt/Equity: 2.39. Risk note: Regulatory approvals pending for key products. This entity is fictional for learning.,"utilities,europe,smallcap"
C0188,company,Nimbus Biotech (APFP),Nimbus Biotech (APFP) is a simulated Industrials company in North America. Market cap tier: Mid Cap. Rev growth (ttm): -0.047. Operating margin: 0.239. Debt/Equity: 2.43. Risk note: Cyclical demand affects earnings variability. This entity is fictional for learning.,"industrials,north america,midcap"
C0189,company,Equinox Holdings (EILGW),Equinox Holdings (EILGW) is a simulated Utilities company in Asia-Pacific. Market cap tier: Mid Cap. Rev growth (ttm): 0.156. Operating margin: 0.164. Debt/Equity: 1.04. Risk note: Competitive market with rapid innovation cycles. This entity is fictional for learning.,"utilities,asia-pacific,midcap"
C0190,company,Paragon Energy (SHPCD),Paragon Energy (SHPCD) is a simulated Healthcare company in Europe. Market cap tier: Small Cap. Rev growth (ttm): -0.058. Operating margin: 0.212. Debt/Equity: 1.53. Risk note: Foreign exchange fluctuations material. This entity is fictional for learning.,"healthcare,europe,smallcap"
C0191,company,Paragon Networks (JEQSQ),Paragon Networks (JEQSQ) is a simulated Financials company in Middle East & Africa. Market cap tier: Micro Cap. Rev growth (ttm): -0.006. Operating margin: -0.016. Debt/Equity: 2.53. Risk note: Stable cash flows from long-term contracts. This entity is fictional for learning.,"financials,middle east & africa,microcap"
C0192,company,Nova Hardware (MFJ),Nova Hardware (MFJ) is a simulated Utilities company in Middle East & Africa. Market cap tier: Mid Cap. Rev growth (ttm): 0.055. Operating margin: 0.121. Debt/Equity: 2.13. Risk note: Competitive market with rapid innovation cycles. This entity is fictional for learning.,"utilities,middle east & africa,midcap"
C0193,company,Cascade Energy (OUF),Cascade Energy (OUF) is a simulated Technology company in Asia-Pacific. Market cap tier: Micro Cap. Rev growth (ttm): -0.006. Operating margin: 0.251. Debt/Equity: 1.70. Risk note: Competitive market with rapid innovation cycles. This entity is fictional for learning.,"technology,asia-pacific,microcap"
C0194,company,Frontier Media (OGO),Frontier Media (OGO) is a simulated Energy company in Middle East & Africa. Market cap tier: Large Cap. Rev growth (ttm): -0.129. Operating margin: 0.224. Debt/Equity: 1.64. Risk note: Foreign exchange fluctuations material. This entity is fictional for learning.,"energy,middle east & africa,largecap"
C0195,company,Vertex Pharma (WAGW),Vertex Pharma (WAGW) is a simulated Healthcare company in Latin America. Market cap tier: Large Cap. Rev growth (ttm): -0.091. Operating margin: 0.265. Debt/Equity: 0.63. Risk note: Stable cash flows from long-term contracts. This entity is fictional for learning.,"healthcare,latin america,largecap"
C0196,company,Aurora Realty (LQUVU),Aurora Realty (LQUVU) is a simulated Real Estate company in Asia-Pacific. Market cap tier: Mid Cap. Rev growth (ttm): 0.148. Operating margin: -0.024. Debt/Equity: 2.94. Risk note: Commodity price exposure drives margins. This entity is fictional for learning.,"real estate,asia-pacific,midcap"
C0197,company,Unity Metals (YNXV),Unity Metals (YNXV) is a simulated Financials company in Latin America. Market cap tier: Large Cap. Rev growth (ttm): 0.346. Operating margin: 0.290. Debt/Equity: 0.38. Risk note: Regulatory approvals pending for key products. This entity is fictional for learning.,"financials,latin america,largecap"
C0198,company,Summit Networks (IGVKD),Summit Networks (IGVKD) is a simulated Telecommunication Services company in Asia-Pacific. Market cap tier: Mid Cap. Rev growth (ttm): 0.038. Operating margin: -0.066. Debt/Equity: 2.38. Risk note: Cyclical demand affects earnings variability. This entity is fictional for learning.,"telecommunication services,asia-pacific,midcap"
C0199,company,Velocity Media (HYJYI),Velocity Media (HYJYI) is a simulated Technology company in North America. Market cap tier: Mid Cap. Rev growth (ttm): 0.079. Operating margin: 0.199. Debt/Equity: 1.07. Risk note: Cyclical demand affects earnings variability. This entity is fictional for learning.,"technology,north america,midcap"
C0200,company,Frontier Software (ZVM),Frontier Software (ZVM) is a simulated Energy company in Asia-Pacific. Market cap tier: Small Cap. Rev growth (ttm): 0.139. Operating margin: 0.155. Debt/Equity: 1.46. Risk note: Customer concentration risk present. This entity is fictional for learning.,"energy,asia-pacific,smallcap"
C0201,company,Nova Industries (QVA),Nova Industries (QVA) is a simulated Financials company in Latin America. Market cap tier: Small Cap. Rev growth (ttm): 0.346. Operating margin: 0.093. Debt/Equity: 2.99. Risk note: Regulatory approvals pending for key products. This entity is fictional for learning.,"financials,latin america,smallcap"
C0202,company,Unity Energy (CJCR),Unity Energy (CJCR) is a simulated Telecommunication Services company in Europe. Market cap tier: Micro Cap. Rev growth (ttm): 0.163. Operating margin: 0.227. Debt/Equity: 2.27. Risk note: Foreign exchange fluctuations material. This entity is fictional for learning.,"telecommunication services,europe,microcap"
C0203,company,Quantum Holdings (FCP),Quantum Holdings (FCP) is a simulated Utilities company in Latin America. Market cap tier: Micro Cap. Rev growth (ttm): 0.198. Operating margin: 0.268. Debt/Equity: 2.96. Risk note: Foreign exchange fluctuations material. This entity is fictional for learning.,"utilities,latin america,microcap"
C0204,company,Atlas Capital (FCU),Atlas Capital (FCU) is a simulated Healthcare company in Asia-Pacific. Market cap tier: Small Cap. Rev growth (ttm): -0.000. Operating margin: 0.072. Debt/Equity: 2.44. Risk note: Regulatory approvals pending for key products. This entity is fictional for learning.,"healthcare,asia-pacific,smallcap"
C0205,company,Atlas Systems (OPEJF),Atlas Systems (OPEJF) is a simulated Financials company in Latin America. Market cap tier: Mid Cap. Rev growth (ttm): 0.071. Operating margin: -0.002. Debt/Equity: 2.69. Risk note: Regulatory approvals pending for key products. This entity is fictional for learning.,"financials,latin america,midcap"
C0206,company,Vertex Metals (JZIDH),Vertex Metals (JZIDH) is a simulated Healthcare company in Europe. Market cap tier: Mid Cap. Rev growth (ttm): 0.150. Operating margin: 0.173. Debt/Equity: 2.34. Risk note: Early-stage with limited revenue history. This entity is fictional for learning.,"healthcare,europe,midcap"
C0207,company,Unity Foods (PEKQU),Unity Foods (PEKQU) is a simulated Consumer Discretionary company in Latin America. Market cap tier: Small Cap. Rev growth (ttm): -0.029. Operating margin: 0.187. Debt/Equity: 0.21. Risk note: Early-stage with limited revenue history. This entity is fictional for learning.,"consumer discretionary,latin america,smallcap"
C0208,company,Aurora Retail (KVK),Aurora Retail (KVK) is a simulated Utilities company in Europe. Market cap tier: Large Cap. Rev growth (ttm): 0.327. Operating margin: 0.247. Debt/Equity: 0.05. Risk note: Cyclical demand affects earnings variability. This entity is fictional for learning.,"utilities,europe,largecap"
C0209,company,Apex Aerospace (BBU),Apex Aerospace (BBU) is a simulated Utilities company in Asia-Pacific. Market cap tier: Mid Cap. Rev growth (ttm): 0.101. Operating margin: 0.087. Debt/Equity: 2.11. Risk note: Cyclical demand affects earnings variability. This entity is fictional for learning.,"utilities,asia-pacific,midcap"
C0210,company,Frontier Automotive (DCCXZ),Frontier Automotive (DCCXZ) is a simulated Financials company in Middle East & Africa. Market cap tier: Small Cap. Rev growth (ttm): 0.143. Operating margin: 0.243. Debt/Equity: 1.95. Risk note: Cyclical demand affects earnings variability. This entity is fictional for learning.,"financials,middle east & africa,smallcap"
C0211,company,Unity Biotech (YGGYD),Unity Biotech (YGGYD) is a simulated Real Estate company in Middle East & Africa. Market cap tier: Micro Cap. Rev growth (ttm): 0.183. Operating margin: 0.196. Debt/Equity: 0.53. Risk note: Early-stage with limited revenue history. This entity is fictional for learning.,"real estate,middle east & africa,microcap"
C0212,company,Atlas Labs (MJN),Atlas Labs (MJN) is a simulated Consumer Staples company in Europe. Market cap tier: Small Cap. Rev growth (ttm): 0.225. Operating margin: 0.293. Debt/Equity: 2.20. Risk note: Cyclical demand affects earnings variability. This entity is fictional for learning.,"consumer staples,europe,smallcap"
C0213,company,Apex Retail (HBSO),Apex Retail (HBSO) is a simulated Healthcare company in Latin America. Market cap tier: Small Cap. Rev growth (ttm): 0.030. Operating margin: 0.125. Debt/Equity: 1.70. Risk note: Customer concentration risk present. This entity is fictional for learning.,"healthcare,latin america,smallcap"
C0214,company,Nimbus Aerospace (XRC),Nimbus Aerospace (XRC) is a simulated Utilities company in North America. Market cap tier: Micro Cap. Rev growth (ttm): 0.281. Operating margin: 0.010. Debt/Equity: 1.42. Risk note: Foreign exchange fluctuations material. This entity is fictional for learning.,"utilities,north america,microcap"
C0215,company,Atlas Energy (OXT),Atlas Energy (OXT) is a simulated Industrials company in Europe. Market cap tier: Small Cap. Rev growth (ttm): 0.058. Operating margin: 0.224. Debt/Equity: 0.81. Risk note: Cyclical demand affects earnings variability. This entity is fictional for learning.,"industrials,europe,smallcap"
C0216,company,Equinox Hardware (NXE),Equinox Hardware (NXE) is a simulated Utilities company in North America. Market cap tier: Mega Cap. Rev growth (ttm): -0.116. Operating margin: 0.109. Debt/Equity: 0.85. Risk note: Commodity price exposure drives margins. This entity is fictional for learning.,"utilities,north america,megacap"
C0217,company,Zenith Systems (LJHUT),Zenith Systems (LJHUT) is a simulated Consumer Discretionary company in Latin America. Market cap tier: Small Cap. Rev growth (ttm): 0.336. Operating margin: 0.349. Debt/Equity: 2.33. Risk note: Capital intensive projects with long payback periods. This entity is fictional for learning.,"consumer discretionary,latin america,smallcap"
C0218,company,Summit Networks (YAO),Summit Networks (YAO) is a simulated Telecommunication Services company in North America. Market cap tier: Mega Cap. Rev growth (ttm): -0.149. Operating margin: 0.196. Debt/Equity: 2.55. Risk note: Commodity price exposure drives margins. This entity is fictional for learning.,"telecommunication services,north america,megacap"
C0219,company,Vertex Foods (ZKYZD),Vertex Foods (ZKYZD) is a simulated Consumer Staples company in North America. Market cap tier: Micro Cap. Rev growth (ttm): -0.034. Operating margin: 0.280. Debt/Equity: 1.24. Risk note: Customer concentration risk present. This entity is fictional for learning.,"consumer staples,north america,microcap"
C0220,company,Citrine Systems (CDVBO),Citrine Systems (CDVBO) is a simulated Industrials company in Europe. Market cap tier: Micro Cap. Rev growth (ttm): -0.020. Operating margin: 0.042. Debt/Equity: 2.40. Risk note: Customer concentration risk present. This entity is fictional for learning.,"industrials,europe,microcap"
C0221,company,Zenith Semiconductor (GYDU),Zenith Semiconductor (GYDU) is a simulated Healthcare company in Europe. Market cap tier: Micro Cap. Rev growth (ttm): 0.075. Operating margin: 0.041. Debt/Equity: 0.36. Risk note: Customer concentration risk present. This entity is fictional for learning.,"healthcare,europe,microcap"
C0222,company,Orion Semiconductor (MWCU),Orion Semiconductor (MWCU) is a simulated Consumer Staples company in Middle East & Africa. Market cap tier: Micro Cap. Rev growth (ttm): 0.268. Operating margin: 0.048. Debt/Equity: 0.27. Risk note: High leverage; sensitive to interest rates. This entity is fictional for learning.,"consumer staples,middle east & africa,microcap"
C0223,company,Aurora Software (BHVEY),Aurora Software (BHVEY) is a simulated Materials company in Middle East & Africa. Market cap tier: Mid Cap. Rev growth (ttm): -0.025. Operating margin: 0.108. Debt/Equity: 2.41. Risk note: Regulatory approvals pending for key products. This entity is fictional for learning.,"materials,middle east & africa,midcap"
C0224,company,Vertex Labs (VZD),Vertex Labs (VZD) is a simulated Industrials company in Asia-Pacific. Market cap tier: Mid Cap. Rev growth (ttm): 0.319. Operating margin: -0.062. Debt/Equity: 1.76. Risk note: Cyclical demand affects earnings variability. This entity is fictional for learning.,"industrials,asia-pacific,midcap"
C0225,company,Apex Systems (XLD),Apex Systems (XLD) is a simulated Energy company in North America. Market cap tier: Micro Cap. Rev growth (ttm): 0.080. Operating margin: -0.024. Debt/Equity: 1.72. Risk note: Foreign exchange fluctuations material. This entity is fictional for learning.,"energy,north america,microcap"
C0226,company,Cascade Labs (REFE),Cascade Labs (REFE) is a simulated Consumer Staples company in Latin America. Market cap tier: Large Cap. Rev growth (ttm): -0.133. Operating margin: 0.179. Debt/Equity: 0.74. Risk note: Commodity price exposure drives margins. This entity is fictional for learning.,"consumer staples,latin america,largecap"
C0227,company,Cascade Biotech (MCJKQ),Cascade Biotech (MCJKQ) is a simulated Utilities company in Europe. Market cap tier: Mid Cap. Rev growth (ttm): 0.251. Operating margin: 0.258. Debt/Equity: 2.97. Risk note: Customer concentration risk present. This entity is fictional for learning.,"utilities,europe,midcap"
C0228,company,Cascade Automotive (IOIH),Cascade Automotive (IOIH) is a simulated Technology company in Asia-Pacific. Market cap tier: Mid Cap. Rev growth (ttm): -0.135. Operating margin: 0.265. Debt/Equity: 0.84. Risk note: Competitive market with rapid innovation cycles. This entity is fictional for learning.,"technology,asia-pacific,midcap"
C0229,company,Harbor Hardware (ZZCRG),Harbor Hardware (ZZCRG) is a simulated Technology company in Europe. Market cap tier: Mid Cap. Rev growth (ttm): 0.341. Operating margin: 0.075. Debt/Equity: 2.81. Risk note: Regulatory approvals pending for key products. This entity is fictional for learning.,"technology,europe,midcap"
C0230,company,Nimbus Pharma (ITJPS),Nimbus Pharma (ITJPS) is a simulated Energy company in Middle East & Africa. Market cap tier: Mid Cap. Rev growth (ttm): 0.132. Operating margin: -0.015. Debt/Equity: 2.96. Risk note: Competitive market with rapid innovation cycles. This entity is fictional for learning.,"energy,middle east & africa,midcap"
C0231,company,Frontier Logistics (MCG),Frontier Logistics (MCG) is a simulated Consumer Discretionary company in North America. Market cap tier: Mid Cap. Rev growth (ttm): -0.150. Operating margin: 0.313. Debt/Equity: 0.60. Risk note: Regulatory approvals pending for key products. This entity is fictional for learning.,"consumer discretionary,north america,midcap"
C0232,company,Zenith Energy (BDSD),Zenith Energy (BDSD) is a simulated Healthcare company in Middle East & Africa. Market cap tier: Large Cap. Rev growth (ttm): 0.330. Operating margin: 0.068. Debt/Equity: 2.83. Risk note: Foreign exchange fluctuations material. This entity is fictional for learning.,"healthcare,middle east & africa,largecap"
C0233,company,Equinox Holdings (HDEY),Equinox Holdings (HDEY) is a simulated Telecommunication Services company in Latin America. Market cap tier: Mid Cap. Rev growth (ttm): -0.063. Operating margin: 0.336. Debt/Equity: 2.08. Risk note: Stable cash flows from long-term contracts. This entity is fictional for learning.,"telecommunication services,latin america,midcap"
C0234,company,Aurora Pharma (PEHRD),Aurora Pharma (PEHRD) is a simulated Technology company in Middle East & Africa. Market cap tier: Small Cap. Rev growth (ttm): 0.347. Operating margin: 0.334. Debt/Equity: 0.10. Risk note: Stable cash flows from long-term contracts. This entity is fictional for learning.,"technology,middle east & africa,smallcap"
C0235,company,Zenith Realty (QCM),Zenith Realty (QCM) is a simulated Energy company in North America. Market cap tier: Micro Cap. Rev growth (ttm): 0.341. Operating margin: -0.024. Debt/Equity: 2.66. Risk note: Cyclical demand affects earnings variability. This entity is fictional for learning.,"energy,north america,microcap"
C0236,company,Zenith Semiconductor (GGB),Zenith Semiconductor (GGB) is a simulated Consumer Staples company in North America. Market cap tier: Mid Cap. Rev growth (ttm): -0.126. Operating margin: 0.097. Debt/Equity: 1.26. Risk note: Regulatory approvals pending for key products. This entity is fictional for learning.,"consumer staples,north america,midcap"
C0237,company,Mirage Capital (JJVU),Mirage Capital (JJVU) is a simulated Real Estate company in Europe. Market cap tier: Micro Cap. Rev growth (ttm): -0.113. Operating margin: 0.281. Debt/Equity: 0.88. Risk note: Customer concentration risk present. This entity is fictional for learning.,"real estate,europe,microcap"
C0238,company,Pioneer Holdings (IXE),Pioneer Holdings (IXE) is a simulated Healthcare company in Middle East & Africa. Market cap tier: Large Cap. Rev growth (ttm): 0.339. Operating margin: 0.052. Debt/Equity: 2.96. Risk note: Competitive market with rapid innovation cycles. This entity is fictional for learning.,"healthcare,middle east & africa,largecap"
C0239,company,Apex Biotech (EXECF),Apex Biotech (EXECF) is a simulated Consumer Discretionary company in Latin America. Market cap tier: Mid Cap. Rev growth (ttm): 0.211. Operating margin: 0.228. Debt/Equity: 0.80. Risk note: Commodity price exposure drives margins. This entity is fictional for learning.,"consumer discretionary,latin america,midcap"
C0240,company,Unity Pharma (BOV),Unity Pharma (BOV) is a simulated Financials company in North America. Market cap tier: Small Cap. Rev growth (ttm): 0.064. Operating margin: 0.033. Debt/Equity: 1.99. Risk note: Stable cash flows from long-term contracts. This entity is fictional for learning.,"financials,north america,smallcap"
C0241,company,Cascade Foods (AEH),Cascade Foods (AEH) is a simulated Healthcare company in Latin America. Market cap tier: Large Cap. Rev growth (ttm): 0.004. Operating margin: 0.079. Debt/Equity: 1.47. Risk note: Commodity price exposure drives margins. This entity is fictional for learning.,"healthcare,latin america,largecap"
C0242,company,Quantum Automotive (EXJL),Quantum Automotive (EXJL) is a simulated Consumer Staples company in Latin America. Market cap tier: Small Cap. Rev growth (ttm): -0.037. Operating margin: 0.021. Debt/Equity: 0.18. Risk note: Cyclical demand affects earnings variability. This entity is fictional for learning.,"consumer staples,latin america,smallcap"
C0243,company,Quantum Hardware (KTFBK),Quantum Hardware (KTFBK) is a simulated Utilities company in Latin America. Market cap tier: Mega Cap. Rev growth (ttm): 0.194. Operating margin: 0.321. Debt/Equity: 1.72. Risk note: High leverage; sensitive to interest rates. This entity is fictional for learning.,"utilities,latin america,megacap"
C0244,company,Cascade Logistics (KWA),Cascade Logistics (KWA) is a simulated Real Estate company in Middle East & Africa. Market cap tier: Large Cap. Rev growth (ttm): 0.189. Operating margin: 0.179. Debt/Equity: 0.36. Risk note: Competitive market with rapid innovation cycles. This entity is fictional for learning.,"real estate,middle east & africa,largecap"
C0245,company,Nimbus Energy (VDL),Nimbus Energy (VDL) is a simulated Telecommunication Services company in Latin America. Market cap tier: Micro Cap. Rev growth (ttm): 0.261. Operating margin: -0.033. Debt/Equity: 1.79. Risk note: Customer concentration risk present. This entity is fictional for learning.,"telecommunication services,latin america,microcap"
C0246,company,Quantum Systems (OOWN),Quantum Systems (OOWN) is a simulated Technology company in Middle East & Africa. Market cap tier: Mid Cap. Rev growth (ttm): 0.241. Operating margin: -0.049. Debt/Equity: 0.45. Risk note: Stable cash flows from long-term contracts. This entity is fictional for learning.,"technology,middle east & africa,midcap"
C0247,company,Equinox Metals (YOC),Equinox Metals (YOC) is a simulated Consumer Staples company in Middle East & Africa. Market cap tier: Large Cap. Rev growth (ttm): 0.289. Operating margin: 0.019. Debt/Equity: 1.96. Risk note: Stable cash flows from long-term contracts. This entity is fictional for learning.,"consumer staples,middle east & africa,largecap"
C0248,company,Paragon Capital (EKQ),Paragon Capital (EKQ) is a simulated Telecommunication Services company in Latin America. Market cap tier: Micro Cap. Rev growth (ttm): 0.295. Operating margin: 0.049. Debt/Equity: 0.71. Risk note: Competitive market with rapid innovation cycles. This entity is fictional for learning.,"telecommunication services,latin america,microcap"
C0249,company,Pioneer Hardware (IUI),Pioneer Hardware (IUI) is a simulated Materials company in North America. Market cap tier: Mega Cap. Rev growth (ttm): -0.036. Operating margin: 0.035. Debt/Equity: 2.23. Risk note: Customer concentration risk present. This entity is fictional for learning.,"materials,north america,megacap"
C0250,company,Pioneer Biotech (QEFVT),Pioneer Biotech (QEFVT) is a simulated Utilities company in Asia-Pacific. Market cap tier: Large Cap. Rev growth (ttm): 0.108. Operating margin: -0.028. Debt/Equity: 0.93. Risk note: Capital intensive projects with long payback periods. This entity is fictional for learning.,"utilities,asia-pacific,largecap"
C0251,company,Velocity Networks (WAFVV),Velocity Networks (WAFVV) is a simulated Consumer Discretionary company in North America. Market cap tier: Small Cap. Rev growth (ttm): 0.309. Operating margin: 0.217. Debt/Equity: 0.82. Risk note: Competitive market with rapid innovation cycles. This entity is fictional for learning.,"consumer discretionary,north america,smallcap"
C0252,company,Harbor Software (XRGML),Harbor Software (XRGML) is a simulated Materials company in Middle East & Africa. Market cap tier: Mid Cap. Rev growth (ttm): 0.022. Operating margin: 0.277. Debt/Equity: 0.78. Risk note: Cyclical demand affects earnings variability. This entity is fictional for learning.,"materials,middle east & africa,midcap"
C0253,company,Unity Labs (BWUF),Unity Labs (BWUF) is a simulated Consumer Discretionary company in Europe. Market cap tier: Mid Cap. Rev growth (ttm): -0.015. Operating margin: 0.084. Debt/Equity: 0.06. Risk note: Early-stage with limited revenue history. This entity is fictional for learning.,"consumer discretionary,europe,midcap"
C0254,company,Cascade Networks (EUFPY),Cascade Networks (EUFPY) is a simulated Telecommunication Services company in Asia-Pacific. Market cap tier: Small Cap. Rev growth (ttm): 0.038. Operating margin: 0.057. Debt/Equity: 0.76. Risk note: Competitive market with rapid innovation cycles. This entity is fictional for learning.,"telecommunication services,asia-pacific,smallcap"
C0255,company,Unity Media (KCNRV),Unity Media (KCNRV) is a simulated Energy company in Middle East & Africa. Market cap tier: Mid Cap. Rev growth (ttm): 0.155. Operating margin: 0.034. Debt/Equity: 0.32. Risk note: Cyclical demand affects earnings variability. This entity is fictional for learning.,"energy,middle east & africa,midcap"
C0256,company,Zenith Aerospace (IHRYQ),Zenith Aerospace (IHRYQ) is a simulated Consumer Discretionary company in Europe. Market cap tier: Mid Cap. Rev growth (ttm): -0.030. Operating margin: -0.074. Debt/Equity: 2.57. Risk note: Stable cash flows from long-term contracts. This entity is fictional for learning.,"consumer discretionary,europe,midcap"
C0257,company,Velocity Retail (DAMHX),Velocity Retail (DAMHX) is a simulated Industrials company in Latin America. Market cap tier: Mid Cap. Rev growth (ttm): 0.142. Operating margin: 0.348. Debt/Equity: 2.45. Risk note: Customer concentration risk present. This entity is fictional for learning.,"industrials,latin america,midcap"
C0258,company,Summit Automotive (UXRNV),Summit Automotive (UXRNV) is a simulated Telecommunication Services company in Middle East & Africa. Market cap tier: Micro Cap. Rev growth (ttm): -0.101. Operating margin: -0.042. Debt/Equity: 0.78. Risk note: Capital intensive projects with long payback periods. This entity is fictional for learning.,"telecommunication services,middle east & africa,microcap"
C0259,company,Nimbus Retail (CJTHU),Nimbus Retail (CJTHU) is a simulated Energy company in Asia-Pacific. Market cap tier: Small Cap. Rev growth (ttm): -0.003. Operating margin: 0.283. Debt/Equity: 1.41. Risk note: Stable cash flows from long-term contracts. This entity is fictional for learning.,"energy,asia-pacific,smallcap"
C0260,company,Equinox Realty (MFD),Equinox Realty (MFD) is a simulated Telecommunication Services company in Latin America. Market cap tier: Mid Cap. Rev growth (ttm): 0.057. Operating margin: 0.292. Debt/Equity: 0.45. Risk note: High leverage; sensitive to interest rates. This entity is fictional for learning.,"telecommunication services,latin america,midcap"
C0261,company,Zenith Biotech (XZDWE),Zenith Biotech (XZDWE) is a simulated Healthcare company in Latin America. Market cap tier: Small Cap. Rev growth (ttm): 0.343. Operating margin: 0.041. Debt/Equity: 0.17. Risk note: Competitive market with rapid innovation cycles. This entity is fictional for learning.,"healthcare,latin america,smallcap"
C0262,company,Pioneer Foods (OEU),Pioneer Foods (OEU) is a simulated Healthcare company in Europe. Market cap tier: Mid Cap. Rev growth (ttm): 0.167. Operating margin: 0.082. Debt/Equity: 2.90. Risk note: Foreign exchange fluctuations material. This entity is fictional for learning.,"healthcare,europe,midcap"
C0263,company,Apex Industries (FJAIV),Apex Industries (FJAIV) is a simulated Consumer Discretionary company in North America. Market cap tier: Mid Cap. Rev growth (ttm): 0.163. Operating margin: 0.012. Debt/Equity: 2.08. Risk note: Customer concentration risk present. This entity is fictional for learning.,"consumer discretionary,north america,midcap"
C0264,company,Unity Networks (JPE),Unity Networks (JPE) is a simulated Technology company in Asia-Pacific. Market cap tier: Large Cap. Rev growth (ttm): 0.078. Operating margin: 0.134. Debt/Equity: 1.57. Risk note: Foreign exchange fluctuations material. This entity is fictional for learning.,"technology,asia-pacific,largecap"
C0265,company,Atlas Retail (JEYX),Atlas Retail (JEYX) is a simulated Industrials company in North America. Market cap tier: Micro Cap. Rev growth (ttm): 0.214. Operating margin: -0.041. Debt/Equity: 2.20. Risk note: Stable cash flows from long-term contracts. This entity is fictional for learning.,"industrials,north america,microcap"
C0266,company,Harbor Energy (JQA),Harbor Energy (JQA) is a simulated Telecommunication Services company in Asia-Pacific. Market cap tier: Large Cap. Rev growth (ttm): 0.162. Operating margin: 0.167. Debt/Equity: 0.14. Risk note: Cyclical demand affects earnings variability. This entity is fictional for learning.,"telecommunication services,asia-pacific,largecap"
C0267,company,Apex Industries (DLDGS),Apex Industries (DLDGS) is a simulated Consumer Discretionary company in North America. Market cap tier: Small Cap. Rev growth (ttm): 0.181. Operating margin: 0.198. Debt/Equity: 0.81. Risk note: Stable cash flows from long-term contracts. This entity is fictional for learning.,"consumer discretionary,north america,smallcap"
C0268,company,Atlas Biotech (NQH),Atlas Biotech (NQH) is a simulated Healthcare company in Latin America. Market cap tier: Micro Cap. Rev growth (ttm): -0.050. Operating margin: 0.018. Debt/Equity: 1.57. Risk note: High leverage; sensitive to interest rates. This entity is fictional for learning.,"healthcare,latin america,microcap"
C0269,company,Aurora Biotech (EOXR),Aurora Biotech (EOXR) is a simulated Materials company in Asia-Pacific. Market cap tier: Micro Cap. Rev growth (ttm): -0.144. Operating margin: -0.060. Debt/Equity: 0.33. Risk note: Stable cash flows from long-term contracts. This entity is fictional for learning.,"materials,asia-pacific,microcap"
C0270,company,Cascade Networks (UBS),Cascade Networks (UBS) is a simulated Consumer Staples company in Europe. Market cap tier: Small Cap. Rev growth (ttm): 0.339. Operating margin: 0.019. Debt/Equity: 0.15. Risk note: Regulatory approvals pending for key products. This entity is fictional for learning.,"consumer staples,europe,smallcap"
C0271,company,Nova Logistics (UITC),Nova Logistics (UITC) is a simulated Technology company in North America. Market cap tier: Large Cap. Rev growth (ttm): 0.182. Operating margin: -0.023. Debt/Equity: 1.07. Risk note: Competitive market with rapid innovation cycles. This entity is fictional for learning.,"technology,north america,largecap"
C0272,company,Paragon Aerospace (CVEKZ),Paragon Aerospace (CVEKZ) is a simulated Consumer Staples company in Latin America. Market cap tier: Mid Cap. Rev growth (ttm): 0.089. Operating margin: 0.090. Debt/Equity: 2.66. Risk note: Regulatory approvals pending for key products. This entity is fictional for learning.,"consumer staples,latin america,midcap"
C0273,company,Vertex Networks (SZVCX),Vertex Networks (SZVCX) is a simulated Materials company in Middle East & Africa. Market cap tier: Mid Cap. Rev growth (ttm): -0.059. Operating margin: 0.071. Debt/Equity: 1.08. Risk note: Early-stage with limited revenue history. This entity is fictional for learning.,"materials,middle east & africa,midcap"
C0274,company,Atlas Capital (CKBG),Atlas Capital (CKBG) is a simulated Energy company in North America. Market cap tier: Mid Cap. Rev growth (ttm): 0.189. Operating margin: 0.245. Debt/Equity: 1.73. Risk note: Stable cash flows from long-term contracts. This entity is fictional for learning.,"energy,north america,midcap"
C0275,company,Summit Retail (NSCRG),Summit Retail (NSCRG) is a simulated Energy company in Latin America. Market cap tier: Micro Cap. Rev growth (ttm): 0.263. Operating margin: 0.301. Debt/Equity: 1.84. Risk note: Early-stage with limited revenue history. This entity is fictional for learning.,"energy,latin america,microcap"
C0276,company,Nimbus Media (WWBM),Nimbus Media (WWBM) is a simulated Consumer Discretionary company in Asia-Pacific. Market cap tier: Mega Cap. Rev growth (ttm): -0.125. Operating margin: 0.000. Debt/Equity: 1.93. Risk note: Foreign exchange fluctuations material. This entity is fictional for learning.,"consumer discretionary,asia-pacific,megacap"
C0277,company,Summit Systems (LOCM),Summit Systems (LOCM) is a simulated Energy company in North America. Market cap tier: Mega Cap. Rev growth (ttm): 0.223. Operating margin: -0.092. Debt/Equity: 1.21. Risk note: Early-stage with limited revenue history. This entity is fictional for learning.,"energy,north america,megacap"
C0278,company,Frontier Automotive (VUZ),Frontier Automotive (VUZ) is a simulated Telecommunication Services company in Asia-Pacific. Market cap tier: Large Cap. Rev growth (ttm): 0.131. Operating margin: 0.195. Debt/Equity: 1.37. Risk note: Customer concentration risk present. This entity is fictional for learning.,"telecommunication services,asia-pacific,largecap"
C0279,company,Aurora Industries (VIT),Aurora Industries (VIT) is a simulated Real Estate company in Latin America. Market cap tier: Mid Cap. Rev growth (ttm): 0.032. Operating margin: 0.104. Debt/Equity: 0.29. Risk note: High leverage; sensitive to interest rates. This entity is fictional for learning.,"real estate,latin america,midcap"
C0280,company,Apex Retail (VZHN),Apex Retail (VZHN) is a simulated Healthcare company in North America. Market cap tier: Large Cap. Rev growth (ttm): 0.096. Operating margin: 0.270. Debt/Equity: 2.23. Risk note: Foreign exchange fluctuations material. This entity is fictional for learning.,"healthcare,north america,largecap"
C0281,company,Vertex Aerospace (FDWFV),Vertex Aerospace (FDWFV) is a simulated Consumer Discretionary company in Asia-Pacific. Market cap tier: Micro Cap. Rev growth (ttm): 0.057. Operating margin: 0.317. Debt/Equity: 2.51. Risk note: Stable cash flows from long-term contracts. This entity is fictional for learning.,"consumer discretionary,asia-pacific,microcap"
C0282,company,Vertex Semiconductor (RYDM),Vertex Semiconductor (RYDM) is a simulated Utilities company in North America. Market cap tier: Mid Cap. Rev growth (ttm): 0.066. Operating margin: 0.163. Debt/Equity: 2.77. Risk note: Regulatory approvals pending for key products. This entity is fictional for learning.,"utilities,north america,midcap"
C0283,company,Equinox Energy (VCRPI),Equinox Energy (VCRPI) is a simulated Industrials company in Latin America. Market cap tier: Mega Cap. Rev growth (ttm): 0.308. Operating margin: 0.243. Debt/Equity: 0.82. Risk note: Customer concentration risk present. This entity is fictional for learning.,"industrials,latin america,megacap"
C0284,company,Unity Semiconductor (DPX),Unity Semiconductor (DPX) is a simulated Utilities company in Asia-Pacific. Market cap tier: Large Cap. Rev growth (ttm): 0.124. Operating margin: 0.041. Debt/Equity: 2.21. Risk note: Capital intensive projects with long payback periods. This entity is fictional for learning.,"utilities,asia-pacific,largecap"
C0285,company,Orion Foods (QHI),Orion Foods (QHI) is a simulated Telecommunication Services company in Europe. Market cap tier: Mega Cap. Rev growth (ttm): 0.175. Operating margin: 0.331. Debt/Equity: 1.51. Risk note: Customer concentration risk present. This entity is fictional for learning.,"telecommunication services,europe,megacap"
C0286,company,Vertex Hardware (MORKT),Vertex Hardware (MORKT) is a simulated Utilities company in Asia-Pacific. Market cap tier: Large Cap. Rev growth (ttm): 0.061. Operating margin: -0.094. Debt/Equity: 0.32. Risk note: Foreign exchange fluctuations material. This entity is fictional for learning.,"utilities,asia-pacific,largecap"
C0287,company,Atlas Industries (BGUZR),Atlas Industries (BGUZR) is a simulated Financials company in North America. Market cap tier: Mid Cap. Rev growth (ttm): -0.002. Operating margin: 0.239. Debt/Equity: 0.10. Risk note: Competitive market with rapid innovation cycles. This entity is fictional for learning.,"financials,north america,midcap"
C0288,company,Vertex Realty (TWTOG),Vertex Realty (TWTOG) is a simulated Consumer Staples company in North America. Market cap tier: Large Cap. Rev growth (ttm): 0.044. Operating margin: 0.331. Debt/Equity: 2.93. Risk note: Customer concentration risk present. This entity is fictional for learning.,"consumer staples,north america,largecap"
C0289,company,Frontier Industries (TFW),Frontier Industries (TFW) is a simulated Materials company in Europe. Market cap tier: Large Cap. Rev growth (ttm): 0.202. Operating margin: 0.191. Debt/Equity: 2.27. Risk note: Capital intensive projects with long payback periods. This entity is fictional for learning.,"materials,europe,largecap"
C0290,company,Paragon Foods (ZHERE),Paragon Foods (ZHERE) is a simulated Financials company in Middle East & Africa. Market cap tier: Micro Cap. Rev growth (ttm): -0.130. Operating margin: 0.026. Debt/Equity: 0.79. Risk note: Regulatory approvals pending for key products. This entity is fictional for learning.,"financials,middle east & africa,microcap"
C0291,company,Equinox Aerospace (ISE),Equinox Aerospace (ISE) is a simulated Financials company in Asia-Pacific. Market cap tier: Mid Cap. Rev growth (ttm): 0.237. Operating margin: 0.181. Debt/Equity: 2.53. Risk note: Commodity price exposure drives margins. This entity is fictional for learning.,"financials,asia-pacific,midcap"
C0292,company,Cascade Metals (JUIFE),Cascade Metals (JUIFE) is a simulated Healthcare company in Middle East & Africa. Market cap tier: Micro Cap. Rev growth (ttm): 0.122. Operating margin: 0.082. Debt/Equity: 1.05. Risk note: High leverage; sensitive to interest rates. This entity is fictional for learning.,"healthcare,middle east & africa,microcap"
C0293,company,Zenith Retail (HYQM),Zenith Retail (HYQM) is a simulated Utilities company in North America. Market cap tier: Micro Cap. Rev growth (ttm): 0.023. Operating margin: 0.008. Debt/Equity: 1.93. Risk note: Stable cash flows from long-term contracts. This entity is fictional for learning.,"utilities,north america,microcap"
C0294,company,Summit Industries (XJUCG),Summit Industries (XJUCG) is a simulated Consumer Staples company in North America. Market cap tier: Large Cap. Rev growth (ttm): 0.261. Operating margin: 0.069. Debt/Equity: 2.41. Risk note: Competitive market with rapid innovation cycles. This entity is fictional for learning.,"consumer staples,north america,largecap"
C0295,company,Cascade Industries (XFNY),Cascade Industries (XFNY) is a simulated Financials company in Middle East & Africa. Market cap tier: Mid Cap. Rev growth (ttm): 0.163. Operating margin: -0.005. Debt/Equity: 1.89. Risk note: High leverage; sensitive to interest rates. This entity is fictional for learning.,"financials,middle east & africa,midcap"
C0296,company,Mirage Holdings (NSZ),Mirage Holdings (NSZ) is a simulated Industrials company in North America. Market cap tier: Mid Cap. Rev growth (ttm): -0.073. Operating margin: 0.107. Debt/Equity: 1.00. Risk note: Cyclical demand affects earnings variability. This entity is fictional for learning.,"industrials,north america,midcap"
C0297,company,Quantum Industries (UOO),Quantum Industries (UOO) is a simulated Consumer Discretionary company in Asia-Pacific. Market cap tier: Small Cap. Rev growth (ttm): 0.076. Operating margin: 0.082. Debt/Equity: 0.95. Risk note: Foreign exchange fluctuations material. This entity is fictional for learning.,"consumer discretionary,asia-pacific,smallcap"
C0298,company,Vertex Automotive (QQT),Vertex Automotive (QQT) is a simulated Real Estate company in North America. Market cap tier: Mid Cap. Rev growth (ttm): -0.114. Operating margin: 0.318. Debt/Equity: 0.32. Risk note: Commodity price exposure drives margins. This entity is fictional for learning.,"real estate,north america,midcap"
C0299,company,Paragon Systems (TLKR),Paragon Systems (TLKR) is a simulated Materials company in Europe. Market cap tier: Mid Cap. Rev growth (ttm): -0.082. Operating margin: 0.076. Debt/Equity: 2.39. Risk note: Capital intensive projects with long payback periods. This entity is fictional for learning.,"materials,europe,midcap"
C0300,company,Unity Networks (RXUS),Unity Networks (RXUS) is a simulated Energy company in North America. Market cap tier: Mid Cap. Rev growth (ttm): 0.128. Operating margin: -0.045. Debt/Equity: 0.02. Risk note: Stable cash flows from long-term contracts. This entity is fictional for learning.,"energy,north america,midcap"
C0301,company,Velocity Automotive (YHTXI),Velocity Automotive (YHTXI) is a simulated Industrials company in Middle East & Africa. Market cap tier: Micro Cap. Rev growth (ttm): -0.058. Operating margin: 0.178. Debt/Equity: 0.76. Risk note: Cyclical demand affects earnings variability. This entity is fictional for learning.,"industrials,middle east & africa,microcap"
C0302,company,Nimbus Metals (WYZ),Nimbus Metals (WYZ) is a simulated Materials company in Middle East & Africa. Market cap tier: Micro Cap. Rev growth (ttm): 0.186. Operating margin: 0.013. Debt/Equity: 0.59. Risk note: Stable cash flows from long-term contracts. This entity is fictional for learning.,"materials,middle east & africa,microcap"
C0303,company,Cascade Retail (DRCQ),Cascade Retail (DRCQ) is a simulated Consumer Discretionary company in Asia-Pacific. Market cap tier: Small Cap. Rev growth (ttm): 0.014. Operating margin: 0.197. Debt/Equity: 2.08. Risk note: Regulatory approvals pending for key products. This entity is fictional for learning.,"consumer discretionary,asia-pacific,smallcap"
C0304,company,Equinox Metals (VYEI),Equinox Metals (VYEI) is a simulated Consumer Discretionary company in Latin America. Market cap tier: Small Cap. Rev growth (ttm): 0.030. Operating margin: 0.206. Debt/Equity: 0.99. Risk note: Competitive market with rapid innovation cycles. This entity is fictional for learning.,"consumer discretionary,latin america,smallcap"
C0305,company,Citrine Semiconductor (UMCQ),Citrine Semiconductor (UMCQ) is a simulated Healthcare company in Asia-Pacific. Market cap tier: Large Cap. Rev growth (ttm): -0.080. Operating margin: 0.142. Debt/Equity: 0.79. Risk note: Cyclical demand affects earnings variability. This entity is fictional for learning.,"healthcare,asia-pacific,largecap"
C0306,company,Quantum Labs (QVPTF),Quantum Labs (QVPTF) is a simulated Technology company in Middle East & Africa. Market cap tier: Small Cap. Rev growth (ttm): 0.297. Operating margin: 0.143. Debt/Equity: 1.96. Risk note: Regulatory approvals pending for key products. This entity is fictional for learning.,"technology,middle east & africa,smallcap"
C0307,company,Aurora Software (XPW),Aurora Software (XPW) is a simulated Financials company in Latin America. Market cap tier: Mid Cap. Rev growth (ttm): -0.105. Operating margin: 0.064. Debt/Equity: 0.03. Risk note: High leverage; sensitive to interest rates. This entity is fictional for learning.,"financials,latin america,midcap"
C0308,company,Paragon Energy (DEOOW),Paragon Energy (DEOOW) is a simulated Financials company in Latin America. Market cap tier: Large Cap. Rev growth (ttm): -0.130. Operating margin: 0.243. Debt/Equity: 0.70. Risk note: Commodity price exposure drives margins. This entity is fictional for learning.,"financials,latin america,largecap"
C0309,company,Aurora Pharma (RNU),Aurora Pharma (RNU) is a simulated Industrials company in Latin America. Market cap tier: Large Cap. Rev growth (ttm): 0.291. Operating margin: -0.082. Debt/Equity: 1.95. Risk note: Cyclical demand affects earnings variability. This entity is fictional for learning.,"industrials,latin america,largecap"
C0310,company,Harbor Aerospace (GOEQJ),Harbor Aerospace (GOEQJ) is a simulated Telecommunication Services company in North America. Market cap tier: Mid Cap. Rev growth (ttm): 0.038. Operating margin: 0.308. Debt/Equity: 1.55. Risk note: Customer concentration risk present. This entity is fictional for learning.,"telecommunication services,north america,midcap"
C0311,company,Aurora Capital (XAWL),Aurora Capital (XAWL) is a simulated Consumer Discretionary company in North America. Market cap tier: Mid Cap. Rev growth (ttm): -0.010. Operating margin: -0.032. Debt/Equity: 0.47. Risk note: Stable cash flows from long-term contracts. This entity is fictional for learning.,"consumer discretionary,north america,midcap"
C0312,company,Vertex Pharma (VSMM),Vertex Pharma (VSMM) is a simulated Consumer Discretionary company in Middle East & Africa. Market cap tier: Micro Cap. Rev growth (ttm): 0.267. Operating margin: -0.090. Debt/Equity: 0.13. Risk note: Stable cash flows from long-term contracts. This entity is fictional for learning.,"consumer discretionary,middle east & africa,microcap"
C0313,company,Equinox Energy (QBO),Equinox Energy (QBO) is a simulated Technology company in Europe. Market cap tier: Small Cap. Rev growth (ttm): -0.060. Operating margin: 0.331. Debt/Equity: 1.80. Risk note: Stable cash flows from long-term contracts. This entity is fictional for learning.,"technology,europe,smallcap"
C0314,company,Apex Logistics (FPM),Apex Logistics (FPM) is a simulated Materials company in Europe. Market cap tier: Micro Cap. Rev growth (ttm): 0.055. Operating margin: -0.036. Debt/Equity: 1.75. Risk note: Regulatory approvals pending for key products. This entity is fictional for learning.,"materials,europe,microcap"
C0315,company,Paragon Media (ERXP),Paragon Media (ERXP) is a simulated Healthcare company in Europe. Market cap tier: Small Cap. Rev growth (ttm): -0.084. Operating margin: -0.093. Debt/Equity: 1.57. Risk note: Capital intensive projects with long payback periods. This entity is fictional for learning.,"healthcare,europe,smallcap"
C0316,company,Mirage Networks (CMPBU),Mirage Networks (CMPBU) is a simulated Utilities company in North America. Market cap tier: Micro Cap. Rev growth (ttm): 0.180. Operating margin: 0.306. Debt/Equity: 1.62. Risk note: Early-stage with limited revenue history. This entity is fictional for learning.,"utilities,north america,microcap"
C0317,company,Mirage Media (JBNF),Mirage Media (JBNF) is a simulated Materials company in Latin America. Market cap tier: Small Cap. Rev growth (ttm): 0.252. Operating margin: 0.309. Debt/Equity: 2.51. Risk note: Stable cash flows from long-term contracts. This entity is fictional for learning.,"materials,latin america,smallcap"
C0318,company,Vertex Biotech (GTX),Vertex Biotech (GTX) is a simulated Healthcare company in Asia-Pacific. Market cap tier: Mid Cap. Rev growth (ttm): 0.122. Operating margin: 0.016. Debt/Equity: 0.02. Risk note: Early-stage with limited revenue history. This entity is fictional for learning.,"healthcare,asia-pacific,midcap"
C0319,company,Equinox Media (NJF),Equinox Media (NJF) is a simulated Energy company in Latin America. Market cap tier: Small Cap. Rev growth (ttm): -0.073. Operating margin: 0.193. Debt/Equity: 0.76. Risk note: Capital intensive projects with long payback periods. This entity is fictional for learning.,"energy,latin america,smallcap"
C0320,company,Mirage Metals (PZKF),Mirage Metals (PZKF) is a simulated Utilities company in Middle East & Africa. Market cap tier: Small Cap. Rev growth (ttm): 0.035. Operating margin: 0.150. Debt/Equity: 0.76. Risk note: Commodity price exposure drives margins. This entity is fictional for learning.,"utilities,middle east & africa,smallcap"
C0321,company,Equinox Hardware (KDWDF),Equinox Hardware (KDWDF) is a simulated Financials company in North America. Market cap tier: Micro Cap. Rev growth (ttm): 0.050. Operating margin: 0.052. Debt/Equity: 1.65. Risk note: Early-stage with limited revenue history. This entity is fictional for learning.,"financials,north america,microcap"
C0322,company,Nimbus Software (ACDYL),Nimbus Software (ACDYL) is a simulated Healthcare company in Asia-Pacific. Market cap tier: Micro Cap. Rev growth (ttm): -0.110. Operating margin: -0.083. Debt/Equity: 1.15. Risk note: Foreign exchange fluctuations material. This entity is fictional for learning.,"healthcare,asia-pacific,microcap"
C0323,company,Paragon Media (SPYV),Paragon Media (SPYV) is a simulated Telecommunication Services company in Latin America. Market cap tier: Small Cap. Rev growth (ttm): -0.049. Operating margin: 0.196. Debt/Equity: 2.41. Risk note: Commodity price exposure drives margins. This entity is fictional for learning.,"telecommunication services,latin america,smallcap"
C0324,company,Orion Industries (NSPRJ),Orion Industries (NSPRJ) is a simulated Telecommunication Services company in North America. Market cap tier: Mega Cap. Rev growth (ttm): -0.107. Operating margin: 0.024. Debt/Equity: 1.20. Risk note: Foreign exchange fluctuations material. This entity is fictional for learning.,"telecommunication services,north america,megacap"
C0325,company,Velocity Metals (NTB),Velocity Metals (NTB) is a simulated Healthcare company in Middle East & Africa. Market cap tier: Small Cap. Rev growth (ttm): 0.265. Operating margin: 0.312. Debt/Equity: 1.04. Risk note: Commodity price exposure drives margins. This entity is fictional for learning.,"healthcare,middle east & africa,smallcap"
C0326,company,Summit Realty (LKA),Summit Realty (LKA) is a simulated Financials company in Latin America. Market cap tier: Mid Cap. Rev growth (ttm): 0.129. Operating margin: 0.126. Debt/Equity: 1.02. Risk note: Cyclical demand affects earnings variability. This entity is fictional for learning.,"financials,latin america,midcap"
C0327,company,Harbor Aerospace (VOSZO),Harbor Aerospace (VOSZO) is a simulated Consumer Discretionary company in Asia-Pacific. Market cap tier: Mega Cap. Rev growth (ttm): 0.079. Operating margin: 0.107. Debt/Equity: 1.76. Risk note: Early-stage with limited revenue history. This entity is fictional for learning.,"consumer discretionary,asia-pacific,megacap"
C0328,company,Cascade Holdings (BQZR),Cascade Holdings (BQZR) is a simulated Consumer Discretionary company in Asia-Pacific. Market cap tier: Small Cap. Rev growth (ttm): 0.027. Operating margin: 0.141. Debt/Equity: 2.10. Risk note: Commodity price exposure drives margins. This entity is fictional for learning.,"consumer discretionary,asia-pacific,smallcap"
C0329,company,Summit Logistics (KTI),Summit Logistics (KTI) is a simulated Utilities company in Europe. Market cap tier: Small Cap. Rev growth (ttm): 0.027. Operating margin: 0.302. Debt/Equity: 0.81. Risk note: High leverage; sensitive to interest rates. This entity is fictional for learning.,"utilities,europe,smallcap"
C0330,company,Cascade Foods (TWF),Cascade Foods (TWF) is a simulated Consumer Discretionary company in Europe. Market cap tier: Large Cap. Rev growth (ttm): 0.028. Operating margin: 0.251. Debt/Equity: 0.36. Risk note: Cyclical demand affects earnings variability. This entity is fictional for learning.,"consumer discretionary,europe,largecap"
C0331,company,Cascade Realty (TOB),Cascade Realty (TOB) is a simulated Materials company in Asia-Pacific. Market cap tier: Mid Cap. Rev growth (ttm): 0.096. Operating margin: 0.343. Debt/Equity: 2.69. Risk note: Commodity price exposure drives margins. This entity is fictional for learning.,"materials,asia-pacific,midcap"
C0332,company,Cascade Energy (HFOBU),Cascade Energy (HFOBU) is a simulated Materials company in Middle East & Africa. Market cap tier: Micro Cap. Rev growth (ttm): 0.024. Operating margin: 0.287. Debt/Equity: 2.33. Risk note: Competitive market with rapid innovation cycles. This entity is fictional for learning.,"materials,middle east & africa,microcap"
C0333,company,Vertex Media (IARJ),Vertex Media (IARJ) is a simulated Healthcare company in Asia-Pacific. Market cap tier: Small Cap. Rev growth (ttm): 0.281. Operating margin: -0.016. Debt/Equity: 0.79. Risk note: Commodity price exposure drives margins. This entity is fictional for learning.,"healthcare,asia-pacific,smallcap"
C0334,company,Cascade Realty (JMFS),Cascade Realty (JMFS) is a simulated Energy company in Asia-Pacific. Market cap tier: Large Cap. Rev growth (ttm): -0.010. Operating margin: -0.019. Debt/Equity: 0.39. Risk note: Stable cash flows from long-term contracts. This entity is fictional for learning.,"energy,asia-pacific,largecap"
C0335,company,Summit Holdings (HGLJD),Summit Holdings (HGLJD) is a simulated Financials company in Latin America. Market cap tier: Large Cap. Rev growth (ttm): -0.062. Operating margin: 0.125. Debt/Equity: 2.99. Risk note: Capital intensive projects with long payback periods. This entity is fictional for learning.,"financials,latin america,largecap"
C0336,company,Frontier Retail (HOOK),Frontier Retail (HOOK) is a simulated Financials company in North America. Market cap tier: Micro Cap. Rev growth (ttm): -0.023. Operating margin: 0.278. Debt/Equity: 0.29. Risk note: Customer concentration risk present. This entity is fictional for learning.,"financials,north america,microcap"
C0337,company,Pioneer Hardware (OYGA),Pioneer Hardware (OYGA) is a simulated Healthcare company in Asia-Pacific. Market cap tier: Large Cap. Rev growth (ttm): 0.332. Operating margin: -0.010. Debt/Equity: 1.73. Risk note: Capital intensive projects with long payback periods. This entity is fictional for learning.,"healthcare,asia-pacific,largecap"
C0338,company,Nimbus Logistics (INUL),Nimbus Logistics (INUL) is a simulated Healthcare company in Latin America. Market cap tier: Mid Cap. Rev growth (ttm): 0.082. Operating margin: 0.330. Debt/Equity: 2.60. Risk note: Customer concentration risk present. This entity is fictional for learning.,"healthcare,latin america,midcap"
C0339,company,Mirage Realty (KXCII),Mirage Realty (KXCII) is a simulated Telecommunication Services company in Asia-Pacific. Market cap tier: Mid Cap. Rev growth (ttm): 0.153. Operating margin: 0.078. Debt/Equity: 2.66. Risk note: Customer concentration risk present. This entity is fictional for learning.,"telecommunication services,asia-pacific,midcap"
C0340,company,Equinox Media (KEAS),Equinox Media (KEAS) is a simulated Telecommunication Services company in Asia-Pacific. Market cap tier: Large Cap. Rev growth (ttm): 0.200. Operating margin: -0.064. Debt/Equity: 0.50. Risk note: Cyclical demand affects earnings variability. This entity is fictional for learning.,"telecommunication services,asia-pacific,largecap"
C0341,company,Vertex Systems (OAKT),Vertex Systems (OAKT) is a simulated Healthcare company in North America. Market cap tier: Small Cap. Rev growth (ttm): -0.072. Operating margin: 0.195. Debt/Equity: 2.66. Risk note: Commodity price exposure drives margins. This entity is fictional for learning.,"healthcare,north america,smallcap"
C0342,company,Summit Pharma (HQDVA),Summit Pharma (HQDVA) is a simulated Telecommunication Services company in Asia-Pacific. Market cap tier: Large Cap. Rev growth (ttm): 0.013. Operating margin: 0.114. Debt/Equity: 2.92. Risk note: Capital intensive projects with long payback periods. This entity is fictional for learning.,"telecommunication services,asia-pacific,largecap"
C0343,company,Pioneer Automotive (DYOP),Pioneer Automotive (DYOP) is a simulated Materials company in Middle East & Africa. Market cap tier: Small Cap. Rev growth (ttm): 0.170. Operating margin: 0.140. Debt/Equity: 2.73. Risk note: Competitive market with rapid innovation cycles. This entity is fictional for learning.,"materials,middle east & africa,smallcap"
C0344,company,Frontier Pharma (LJG),Frontier Pharma (LJG) is a simulated Consumer Staples company in North America. Market cap tier: Micro Cap. Rev growth (ttm): 0.258. Operating margin: 0.282. Debt/Equity: 1.03. Risk note: Competitive market with rapid innovation cycles. This entity is fictional for learning.,"consumer staples,north america,microcap"
C0345,company,Frontier Labs (XYMAL),Frontier Labs (XYMAL) is a simulated Consumer Staples company in Middle East & Africa. Market cap tier: Micro Cap. Rev growth (ttm): -0.146. Operating margin: 0.068. Debt/Equity: 1.24. Risk note: Capital intensive projects with long payback periods. This entity is fictional for learning.,"consumer staples,middle east & africa,microcap"
C0346,company,Mirage Software (ETK),Mirage Software (ETK) is a simulated Industrials company in Europe. Market cap tier: Small Cap. Rev growth (ttm): 0.061. Operating margin: 0.008. Debt/Equity: 2.29. Risk note: Stable cash flows from long-term contracts. This entity is fictional for learning.,"industrials,europe,smallcap"
C0347,company,Pioneer Logistics (TVKWE),Pioneer Logistics (TVKWE) is a simulated Consumer Staples company in North America. Market cap tier: Mid Cap. Rev growth (ttm): 0.159. Operating margin: 0.022. Debt/Equity: 1.87. Risk note: High leverage; sensitive to interest rates. This entity is fictional for learning.,"consumer staples,north america,midcap"
C0348,company,Zenith Labs (BNE),Zenith Labs (BNE) is a simulated Healthcare company in Asia-Pacific. Market cap tier: Small Cap. Rev growth (ttm): 0.208. Operating margin: 0.227. Debt/Equity: 0.70. Risk note: Regulatory approvals pending for key products. This entity is fictional for learning.,"healthcare,asia-pacific,smallcap"
C0349,company,Apex Capital (IIU),Apex Capital (IIU) is a simulated Energy company in Latin America. Market cap tier: Mid Cap. Rev growth (ttm): -0.134. Operating margin: -0.064. Debt/Equity: 2.25. Risk note: Regulatory approvals pending for key products. This entity is fictional for learning.,"energy,latin america,midcap"
C0350,company,Nova Aerospace (BMEV),Nova Aerospace (BMEV) is a simulated Industrials company in North America. Market cap tier: Micro Cap. Rev growth (ttm): 0.234. Operating margin: 0.012. Debt/Equity: 2.31. Risk note: Competitive market with rapid innovation cycles. This entity is fictional for learning.,"industrials,north america,microcap"
